CENTRAL POLLUTION CONTROL BOARD,Unnamed: 1,Unnamed: 2,Unnamed: 3,Unnamed: 4,Unnamed: 5,Unnamed: 6,Unnamed: 7,Unnamed: 8
CONTINUOUS AMBIENT AIR QUALITY,,,,,,,,
"Date: Sunday, Aug 01 2021",,,,,,,,
Time: 12:08:57 PM,,,,,,,,
State,Uttar Pradesh,,,,,,,
City,Varanasi,,,,,,,
Station,"Ardhali Bazar, Varanasi - UPPCB",,,,,,,
Parameter,PM2.5,,,,,,,
AvgPeriod,24 Hours,,,,,,,
From,01-01-2017T00:00:00Z 00:00,,,,,,,
To,31-07-2021T23:59:59Z 00:00,,,,,,,
,,,,,,,,
"Ardhali Bazar, Varanasi - UPPCB",,,,,,,,
Prescribed Standards, ,0-60,,,,,,
Exceeding Standards, ,,,,,,,
Remarks,,,,,,,,
From Date,To Date,PM2.5,,,,,,
01-01-2017 00:00,02-01-2017 00:00,166.55,,,,,,
02-01-2017 00:00,03-01-2017 00:00,180.03,,,,,,
03-01-2017 00:00,04-01-2017 00:00,256.68,,,,,,
04-01-2017 00:00,05-01-2017 00:00,217.26,,,,,,
05-01-2017 00:00,06-01-2017 00:00,237.09,,,,,,
06-01-2017 00:00,07-01-2017 00:00,264.48,,,,,,
07-01-2017 00:00,08-01-2017 00:00,189.35,,,,,,
08-01-2017 00:00,09-01-2017 00:00,233.16,,,,,,
09-01-2017 00:00,10-01-2017 00:00,261.68,,,,,,
10-01-2017 00:00,11-01-2017 00:00,218.69,,,,,,
11-01-2017 00:00,12-01-2017 00:00,118.02,,,,,,
12-01-2017 00:00,13-01-2017 00:00,166.23,,,,,,
13-01-2017 00:00,14-01-2017 00:00,225.22,,,,,,
14-01-2017 00:00,15-01-2017 00:00,302.36,,,,,,
15-01-2017 00:00,16-01-2017 00:00,272.61,,,,,,
16-01-2017 00:00,17-01-2017 00:00,355.27,,,,,,
17-01-2017 00:00,18-01-2017 00:00,435.8,,,,,,
18-01-2017 00:00,19-01-2017 00:00,310.46,,,,,,
19-01-2017 00:00,20-01-2017 00:00,276.43,,,,,,
20-01-2017 00:00,21-01-2017 00:00,155.17,,,,,,
21-01-2017 00:00,22-01-2017 00:00,13.33,,,,,,
22-01-2017 00:00,23-01-2017 00:00,None,,,,,,
23-01-2017 00:00,24-01-2017 00:00,None,,,,,,
24-01-2017 00:00,25-01-2017 00:00,None,,,,,,
25-01-2017 00:00,26-01-2017 00:00,None,,,,,,
26-01-2017 00:00,27-01-2017 00:00,None,,,,,,
27-01-2017 00:00,28-01-2017 00:00,None,,,,,,
28-01-2017 00:00,29-01-2017 00:00,None,,,,,,
29-01-2017 00:00,30-01-2017 00:00,None,,,,,,
30-01-2017 00:00,31-01-2017 00:00,None,,,,,,
31-01-2017 00:00,01-02-2017 00:00,None,,,,,,
01-02-2017 00:00,02-02-2017 00:00,None,,,,,,
02-02-2017 00:00,03-02-2017 00:00,None,,,,,,
03-02-2017 00:00,04-02-2017 00:00,None,,,,,,
04-02-2017 00:00,05-02-2017 00:00,None,,,,,,
05-02-2017 00:00,06-02-2017 00:00,169.79,,,,,,
06-02-2017 00:00,07-02-2017 00:00,369.78,,,,,,
07-02-2017 00:00,08-02-2017 00:00,95.59,,,,,,
08-02-2017 00:00,09-02-2017 00:00,149.13,,,,,,
09-02-2017 00:00,10-02-2017 00:00,133.61,,,,,,
10-02-2017 00:00,11-02-2017 00:00,112,,,,,,
11-02-2017 00:00,12-02-2017 00:00,132.62,,,,,,
12-02-2017 00:00,13-02-2017 00:00,132.41,,,,,,
13-02-2017 00:00,14-02-2017 00:00,216.83,,,,,,
14-02-2017 00:00,15-02-2017 00:00,194.63,,,,,,
15-02-2017 00:00,16-02-2017 00:00,209.77,,,,,,
16-02-2017 00:00,17-02-2017 00:00,165.19,,,,,,
17-02-2017 00:00,18-02-2017 00:00,246.64,,,,,,
18-02-2017 00:00,19-02-2017 00:00,416.25,,,,,,
19-02-2017 00:00,20-02-2017 00:00,232.63,,,,,,
20-02-2017 00:00,21-02-2017 00:00,147.68,,,,,,
21-02-2017 00:00,22-02-2017 00:00,87.04,,,,,,
22-02-2017 00:00,23-02-2017 00:00,103.56,,,,,,
23-02-2017 00:00,24-02-2017 00:00,122.98,,,,,,
24-02-2017 00:00,25-02-2017 00:00,87.15,,,,,,
25-02-2017 00:00,26-02-2017 00:00,78.55,,,,,,
26-02-2017 00:00,27-02-2017 00:00,127.08,,,,,,
27-02-2017 00:00,28-02-2017 00:00,103.53,,,,,,
28-02-2017 00:00,01-03-2017 00:00,107.97,,,,,,
01-03-2017 00:00,02-03-2017 00:00,261.89,,,,,,
02-03-2017 00:00,03-03-2017 00:00,228.77,,,,,,
03-03-2017 00:00,04-03-2017 00:00,121.44,,,,,,
04-03-2017 00:00,05-03-2017 00:00,231.12,,,,,,
05-03-2017 00:00,06-03-2017 00:00,131.69,,,,,,
06-03-2017 00:00,07-03-2017 00:00,81.02,,,,,,
07-03-2017 00:00,08-03-2017 00:00,94.76,,,,,,
08-03-2017 00:00,09-03-2017 00:00,88.01,,,,,,
09-03-2017 00:00,10-03-2017 00:00,129.28,,,,,,
10-03-2017 00:00,11-03-2017 00:00,120.42,,,,,,
11-03-2017 00:00,12-03-2017 00:00,114.18,,,,,,
12-03-2017 00:00,13-03-2017 00:00,71.41,,,,,,
13-03-2017 00:00,14-03-2017 00:00,125.34,,,,,,
14-03-2017 00:00,15-03-2017 00:00,102.86,,,,,,
15-03-2017 00:00,16-03-2017 00:00,86.81,,,,,,
16-03-2017 00:00,17-03-2017 00:00,148.6,,,,,,
17-03-2017 00:00,18-03-2017 00:00,165.18,,,,,,
18-03-2017 00:00,19-03-2017 00:00,130.61,,,,,,
19-03-2017 00:00,20-03-2017 00:00,115.83,,,,,,
20-03-2017 00:00,21-03-2017 00:00,108.83,,,,,,
21-03-2017 00:00,22-03-2017 00:00,71.31,,,,,,
22-03-2017 00:00,23-03-2017 00:00,113.74,,,,,,
23-03-2017 00:00,24-03-2017 00:00,180.86,,,,,,
24-03-2017 00:00,25-03-2017 00:00,289.38,,,,,,
25-03-2017 00:00,26-03-2017 00:00,224.28,,,,,,
26-03-2017 00:00,27-03-2017 00:00,118.49,,,,,,
27-03-2017 00:00,28-03-2017 00:00,146.05,,,,,,
28-03-2017 00:00,29-03-2017 00:00,None,,,,,,
29-03-2017 00:00,30-03-2017 00:00,323.34,,,,,,
30-03-2017 00:00,31-03-2017 00:00,236.78,,,,,,
31-03-2017 00:00,01-04-2017 00:00,142.02,,,,,,
01-04-2017 00:00,02-04-2017 00:00,104.07,,,,,,
02-04-2017 00:00,03-04-2017 00:00,103.84,,,,,,
03-04-2017 00:00,04-04-2017 00:00,150.18,,,,,,
04-04-2017 00:00,05-04-2017 00:00,102.96,,,,,,
05-04-2017 00:00,06-04-2017 00:00,114.21,,,,,,
06-04-2017 00:00,07-04-2017 00:00,125.11,,,,,,
07-04-2017 00:00,08-04-2017 00:00,201.31,,,,,,
08-04-2017 00:00,09-04-2017 00:00,177.61,,,,,,
09-04-2017 00:00,10-04-2017 00:00,127.05,,,,,,
10-04-2017 00:00,11-04-2017 00:00,86.75,,,,,,
11-04-2017 00:00,12-04-2017 00:00,69.42,,,,,,
12-04-2017 00:00,13-04-2017 00:00,127.02,,,,,,
13-04-2017 00:00,14-04-2017 00:00,158.11,,,,,,
14-04-2017 00:00,15-04-2017 00:00,113.64,,,,,,
15-04-2017 00:00,16-04-2017 00:00,77.63,,,,,,
16-04-2017 00:00,17-04-2017 00:00,63.91,,,,,,
17-04-2017 00:00,18-04-2017 00:00,76.76,,,,,,
18-04-2017 00:00,19-04-2017 00:00,85.27,,,,,,
19-04-2017 00:00,20-04-2017 00:00,145.01,,,,,,
20-04-2017 00:00,21-04-2017 00:00,148.83,,,,,,
21-04-2017 00:00,22-04-2017 00:00,111.03,,,,,,
22-04-2017 00:00,23-04-2017 00:00,119.31,,,,,,
23-04-2017 00:00,24-04-2017 00:00,55.89,,,,,,
24-04-2017 00:00,25-04-2017 00:00,504,,,,,,
25-04-2017 00:00,26-04-2017 00:00,189.3,,,,,,
26-04-2017 00:00,27-04-2017 00:00,141.39,,,,,,
27-04-2017 00:00,28-04-2017 00:00,123.74,,,,,,
28-04-2017 00:00,29-04-2017 00:00,88.44,,,,,,
29-04-2017 00:00,30-04-2017 00:00,138.04,,,,,,
30-04-2017 00:00,01-05-2017 00:00,92.31,,,,,,
01-05-2017 00:00,02-05-2017 00:00,80.65,,,,,,
02-05-2017 00:00,03-05-2017 00:00,63.4,,,,,,
03-05-2017 00:00,04-05-2017 00:00,79.23,,,,,,
04-05-2017 00:00,05-05-2017 00:00,116.09,,,,,,
05-05-2017 00:00,06-05-2017 00:00,129.48,,,,,,
06-05-2017 00:00,07-05-2017 00:00,149.11,,,,,,
07-05-2017 00:00,08-05-2017 00:00,120.62,,,,,,
08-05-2017 00:00,09-05-2017 00:00,66.82,,,,,,
09-05-2017 00:00,10-05-2017 00:00,467.15,,,,,,
10-05-2017 00:00,11-05-2017 00:00,189.89,,,,,,
11-05-2017 00:00,12-05-2017 00:00,123.72,,,,,,
12-05-2017 00:00,13-05-2017 00:00,107.58,,,,,,
13-05-2017 00:00,14-05-2017 00:00,63.68,,,,,,
14-05-2017 00:00,15-05-2017 00:00,None,,,,,,
15-05-2017 00:00,16-05-2017 00:00,None,,,,,,
16-05-2017 00:00,17-05-2017 00:00,54.01,,,,,,
17-05-2017 00:00,18-05-2017 00:00,34.53,,,,,,
18-05-2017 00:00,19-05-2017 00:00,36.1,,,,,,
19-05-2017 00:00,20-05-2017 00:00,68.46,,,,,,
20-05-2017 00:00,21-05-2017 00:00,60.43,,,,,,
21-05-2017 00:00,22-05-2017 00:00,390.94,,,,,,
22-05-2017 00:00,23-05-2017 00:00,205.91,,,,,,
23-05-2017 00:00,24-05-2017 00:00,68.58,,,,,,
24-05-2017 00:00,25-05-2017 00:00,163.39,,,,,,
25-05-2017 00:00,26-05-2017 00:00,126.64,,,,,,
26-05-2017 00:00,27-05-2017 00:00,92.01,,,,,,
27-05-2017 00:00,28-05-2017 00:00,203.32,,,,,,
28-05-2017 00:00,29-05-2017 00:00,104.51,,,,,,
29-05-2017 00:00,30-05-2017 00:00,42.02,,,,,,
30-05-2017 00:00,31-05-2017 00:00,67.55,,,,,,
31-05-2017 00:00,01-06-2017 00:00,68.51,,,,,,
01-06-2017 00:00,02-06-2017 00:00,20.51,,,,,,
02-06-2017 00:00,03-06-2017 00:00,None,,,,,,
03-06-2017 00:00,04-06-2017 00:00,None,,,,,,
04-06-2017 00:00,05-06-2017 00:00,None,,,,,,
05-06-2017 00:00,06-06-2017 00:00,None,,,,,,
06-06-2017 00:00,07-06-2017 00:00,None,,,,,,
07-06-2017 00:00,08-06-2017 00:00,None,,,,,,
08-06-2017 00:00,09-06-2017 00:00,None,,,,,,
09-06-2017 00:00,10-06-2017 00:00,None,,,,,,
10-06-2017 00:00,11-06-2017 00:00,None,,,,,,
11-06-2017 00:00,12-06-2017 00:00,None,,,,,,
12-06-2017 00:00,13-06-2017 00:00,None,,,,,,
13-06-2017 00:00,14-06-2017 00:00,None,,,,,,
14-06-2017 00:00,15-06-2017 00:00,None,,,,,,
15-06-2017 00:00,16-06-2017 00:00,None,,,,,,
16-06-2017 00:00,17-06-2017 00:00,None,,,,,,
17-06-2017 00:00,18-06-2017 00:00,None,,,,,,
18-06-2017 00:00,19-06-2017 00:00,None,,,,,,
19-06-2017 00:00,20-06-2017 00:00,None,,,,,,
20-06-2017 00:00,21-06-2017 00:00,None,,,,,,
21-06-2017 00:00,22-06-2017 00:00,None,,,,,,
22-06-2017 00:00,23-06-2017 00:00,None,,,,,,
23-06-2017 00:00,24-06-2017 00:00,None,,,,,,
24-06-2017 00:00,25-06-2017 00:00,None,,,,,,
25-06-2017 00:00,26-06-2017 00:00,None,,,,,,
26-06-2017 00:00,27-06-2017 00:00,None,,,,,,
27-06-2017 00:00,28-06-2017 00:00,None,,,,,,
28-06-2017 00:00,29-06-2017 00:00,None,,,,,,
29-06-2017 00:00,30-06-2017 00:00,None,,,,,,
30-06-2017 00:00,01-07-2017 00:00,None,,,,,,
01-07-2017 00:00,02-07-2017 00:00,None,,,,,,
02-07-2017 00:00,03-07-2017 00:00,None,,,,,,
03-07-2017 00:00,04-07-2017 00:00,None,,,,,,
04-07-2017 00:00,05-07-2017 00:00,26.9,,,,,,
05-07-2017 00:00,06-07-2017 00:00,10.82,,,,,,
06-07-2017 00:00,07-07-2017 00:00,None,,,,,,
07-07-2017 00:00,08-07-2017 00:00,None,,,,,,
08-07-2017 00:00,09-07-2017 00:00,None,,,,,,
09-07-2017 00:00,10-07-2017 00:00,None,,,,,,
10-07-2017 00:00,11-07-2017 00:00,None,,,,,,
11-07-2017 00:00,12-07-2017 00:00,None,,,,,,
12-07-2017 00:00,13-07-2017 00:00,None,,,,,,
13-07-2017 00:00,14-07-2017 00:00,None,,,,,,
14-07-2017 00:00,15-07-2017 00:00,None,,,,,,
15-07-2017 00:00,16-07-2017 00:00,None,,,,,,
16-07-2017 00:00,17-07-2017 00:00,None,,,,,,
17-07-2017 00:00,18-07-2017 00:00,None,,,,,,
18-07-2017 00:00,19-07-2017 00:00,None,,,,,,
19-07-2017 00:00,20-07-2017 00:00,None,,,,,,
20-07-2017 00:00,21-07-2017 00:00,None,,,,,,
21-07-2017 00:00,22-07-2017 00:00,None,,,,,,
22-07-2017 00:00,23-07-2017 00:00,None,,,,,,
23-07-2017 00:00,24-07-2017 00:00,None,,,,,,
24-07-2017 00:00,25-07-2017 00:00,None,,,,,,
25-07-2017 00:00,26-07-2017 00:00,None,,,,,,
26-07-2017 00:00,27-07-2017 00:00,None,,,,,,
27-07-2017 00:00,28-07-2017 00:00,None,,,,,,
28-07-2017 00:00,29-07-2017 00:00,None,,,,,,
29-07-2017 00:00,30-07-2017 00:00,None,,,,,,
30-07-2017 00:00,31-07-2017 00:00,None,,,,,,
31-07-2017 00:00,01-08-2017 00:00,None,,,,,,
01-08-2017 00:00,02-08-2017 00:00,None,,,,,,
02-08-2017 00:00,03-08-2017 00:00,None,,,,,,
03-08-2017 00:00,04-08-2017 00:00,None,,,,,,
04-08-2017 00:00,05-08-2017 00:00,None,,,,,,
05-08-2017 00:00,06-08-2017 00:00,None,,,,,,
06-08-2017 00:00,07-08-2017 00:00,None,,,,,,
07-08-2017 00:00,08-08-2017 00:00,None,,,,,,
08-08-2017 00:00,09-08-2017 00:00,None,,,,,,
09-08-2017 00:00,10-08-2017 00:00,None,,,,,,
10-08-2017 00:00,11-08-2017 00:00,None,,,,,,
11-08-2017 00:00,12-08-2017 00:00,None,,,,,,
12-08-2017 00:00,13-08-2017 00:00,None,,,,,,
13-08-2017 00:00,14-08-2017 00:00,None,,,,,,
14-08-2017 00:00,15-08-2017 00:00,None,,,,,,
15-08-2017 00:00,16-08-2017 00:00,None,,,,,,
16-08-2017 00:00,17-08-2017 00:00,None,,,,,,
17-08-2017 00:00,18-08-2017 00:00,None,,,,,,
18-08-2017 00:00,19-08-2017 00:00,None,,,,,,
19-08-2017 00:00,20-08-2017 00:00,None,,,,,,
20-08-2017 00:00,21-08-2017 00:00,None,,,,,,
21-08-2017 00:00,22-08-2017 00:00,None,,,,,,
22-08-2017 00:00,23-08-2017 00:00,None,,,,,,
23-08-2017 00:00,24-08-2017 00:00,None,,,,,,
24-08-2017 00:00,25-08-2017 00:00,None,,,,,,
25-08-2017 00:00,26-08-2017 00:00,None,,,,,,
26-08-2017 00:00,27-08-2017 00:00,None,,,,,,
27-08-2017 00:00,28-08-2017 00:00,None,,,,,,
28-08-2017 00:00,29-08-2017 00:00,None,,,,,,
29-08-2017 00:00,30-08-2017 00:00,None,,,,,,
30-08-2017 00:00,31-08-2017 00:00,None,,,,,,
31-08-2017 00:00,01-09-2017 00:00,None,,,,,,
01-09-2017 00:00,02-09-2017 00:00,None,,,,,,
02-09-2017 00:00,03-09-2017 00:00,None,,,,,,
03-09-2017 00:00,04-09-2017 00:00,None,,,,,,
04-09-2017 00:00,05-09-2017 00:00,None,,,,,,
05-09-2017 00:00,06-09-2017 00:00,None,,,,,,
06-09-2017 00:00,07-09-2017 00:00,None,,,,,,
07-09-2017 00:00,08-09-2017 00:00,None,,,,,,
08-09-2017 00:00,09-09-2017 00:00,None,,,,,,
09-09-2017 00:00,10-09-2017 00:00,None,,,,,,
10-09-2017 00:00,11-09-2017 00:00,None,,,,,,
11-09-2017 00:00,12-09-2017 00:00,None,,,,,,
12-09-2017 00:00,13-09-2017 00:00,None,,,,,,
13-09-2017 00:00,14-09-2017 00:00,None,,,,,,
14-09-2017 00:00,15-09-2017 00:00,None,,,,,,
15-09-2017 00:00,16-09-2017 00:00,None,,,,,,
16-09-2017 00:00,17-09-2017 00:00,None,,,,,,
17-09-2017 00:00,18-09-2017 00:00,None,,,,,,
18-09-2017 00:00,19-09-2017 00:00,None,,,,,,
19-09-2017 00:00,20-09-2017 00:00,None,,,,,,
20-09-2017 00:00,21-09-2017 00:00,None,,,,,,
21-09-2017 00:00,22-09-2017 00:00,None,,,,,,
22-09-2017 00:00,23-09-2017 00:00,None,,,,,,
23-09-2017 00:00,24-09-2017 00:00,None,,,,,,
24-09-2017 00:00,25-09-2017 00:00,None,,,,,,
25-09-2017 00:00,26-09-2017 00:00,None,,,,,,
26-09-2017 00:00,27-09-2017 00:00,52.71,,,,,,
27-09-2017 00:00,28-09-2017 00:00,74.96,,,,,,
28-09-2017 00:00,29-09-2017 00:00,80.05,,,,,,
29-09-2017 00:00,30-09-2017 00:00,73.83,,,,,,
30-09-2017 00:00,01-10-2017 00:00,75.99,,,,,,
01-10-2017 00:00,02-10-2017 00:00,56.79,,,,,,
02-10-2017 00:00,03-10-2017 00:00,60.7,,,,,,
03-10-2017 00:00,04-10-2017 00:00,60.08,,,,,,
04-10-2017 00:00,05-10-2017 00:00,57.54,,,,,,
05-10-2017 00:00,06-10-2017 00:00,101.44,,,,,,
06-10-2017 00:00,07-10-2017 00:00,None,,,,,,
07-10-2017 00:00,08-10-2017 00:00,48.42,,,,,,
08-10-2017 00:00,09-10-2017 00:00,64.72,,,,,,
09-10-2017 00:00,10-10-2017 00:00,68.7,,,,,,
10-10-2017 00:00,11-10-2017 00:00,45.81,,,,,,
11-10-2017 00:00,12-10-2017 00:00,30.16,,,,,,
12-10-2017 00:00,13-10-2017 00:00,47.4,,,,,,
13-10-2017 00:00,14-10-2017 00:00,114.45,,,,,,
14-10-2017 00:00,15-10-2017 00:00,120.14,,,,,,
15-10-2017 00:00,16-10-2017 00:00,104.6,,,,,,
16-10-2017 00:00,17-10-2017 00:00,115.93,,,,,,
17-10-2017 00:00,18-10-2017 00:00,170.35,,,,,,
18-10-2017 00:00,19-10-2017 00:00,169.93,,,,,,
19-10-2017 00:00,20-10-2017 00:00,140.38,,,,,,
20-10-2017 00:00,21-10-2017 00:00,73.73,,,,,,
21-10-2017 00:00,22-10-2017 00:00,34,,,,,,
22-10-2017 00:00,23-10-2017 00:00,61.91,,,,,,
23-10-2017 00:00,24-10-2017 00:00,81.57,,,,,,
24-10-2017 00:00,25-10-2017 00:00,99.15,,,,,,
25-10-2017 00:00,26-10-2017 00:00,138.76,,,,,,
26-10-2017 00:00,27-10-2017 00:00,134.52,,,,,,
27-10-2017 00:00,28-10-2017 00:00,127.12,,,,,,
28-10-2017 00:00,29-10-2017 00:00,124.68,,,,,,
29-10-2017 00:00,30-10-2017 00:00,123.92,,,,,,
30-10-2017 00:00,31-10-2017 00:00,95.75,,,,,,
31-10-2017 00:00,01-11-2017 00:00,90.71,,,,,,
01-11-2017 00:00,02-11-2017 00:00,96.24,,,,,,
02-11-2017 00:00,03-11-2017 00:00,69.76,,,,,,
03-11-2017 00:00,04-11-2017 00:00,47.36,,,,,,
04-11-2017 00:00,05-11-2017 00:00,134.06,,,,,,
05-11-2017 00:00,06-11-2017 00:00,152.3,,,,,,
06-11-2017 00:00,07-11-2017 00:00,129.38,,,,,,
07-11-2017 00:00,08-11-2017 00:00,155.45,,,,,,
08-11-2017 00:00,09-11-2017 00:00,189.6,,,,,,
09-11-2017 00:00,10-11-2017 00:00,301.03,,,,,,
10-11-2017 00:00,11-11-2017 00:00,412,,,,,,
11-11-2017 00:00,12-11-2017 00:00,282.27,,,,,,
12-11-2017 00:00,13-11-2017 00:00,184.19,,,,,,
13-11-2017 00:00,14-11-2017 00:00,201.12,,,,,,
14-11-2017 00:00,15-11-2017 00:00,215.49,,,,,,
15-11-2017 00:00,16-11-2017 00:00,113.21,,,,,,
16-11-2017 00:00,17-11-2017 00:00,99.18,,,,,,
17-11-2017 00:00,18-11-2017 00:00,97.26,,,,,,
18-11-2017 00:00,19-11-2017 00:00,131.91,,,,,,
19-11-2017 00:00,20-11-2017 00:00,185.29,,,,,,
20-11-2017 00:00,21-11-2017 00:00,164.14,,,,,,
21-11-2017 00:00,22-11-2017 00:00,167.6,,,,,,
22-11-2017 00:00,23-11-2017 00:00,202.1,,,,,,
23-11-2017 00:00,24-11-2017 00:00,215.42,,,,,,
24-11-2017 00:00,25-11-2017 00:00,197.96,,,,,,
25-11-2017 00:00,26-11-2017 00:00,223.35,,,,,,
26-11-2017 00:00,27-11-2017 00:00,235.27,,,,,,
27-11-2017 00:00,28-11-2017 00:00,203.23,,,,,,
28-11-2017 00:00,29-11-2017 00:00,220.78,,,,,,
29-11-2017 00:00,30-11-2017 00:00,230.74,,,,,,
30-11-2017 00:00,01-12-2017 00:00,223.46,,,,,,
01-12-2017 00:00,02-12-2017 00:00,237.73,,,,,,
02-12-2017 00:00,03-12-2017 00:00,322.18,,,,,,
03-12-2017 00:00,04-12-2017 00:00,346.42,,,,,,
04-12-2017 00:00,05-12-2017 00:00,326.3,,,,,,
05-12-2017 00:00,06-12-2017 00:00,348.59,,,,,,
06-12-2017 00:00,07-12-2017 00:00,290.6,,,,,,
07-12-2017 00:00,08-12-2017 00:00,327.92,,,,,,
08-12-2017 00:00,09-12-2017 00:00,201.94,,,,,,
09-12-2017 00:00,10-12-2017 00:00,222.54,,,,,,
10-12-2017 00:00,11-12-2017 00:00,230.2,,,,,,
11-12-2017 00:00,12-12-2017 00:00,222.78,,,,,,
12-12-2017 00:00,13-12-2017 00:00,320.96,,,,,,
13-12-2017 00:00,14-12-2017 00:00,228.35,,,,,,
14-12-2017 00:00,15-12-2017 00:00,161.02,,,,,,
15-12-2017 00:00,16-12-2017 00:00,171.05,,,,,,
16-12-2017 00:00,17-12-2017 00:00,157.63,,,,,,
17-12-2017 00:00,18-12-2017 00:00,168.09,,,,,,
18-12-2017 00:00,19-12-2017 00:00,200.75,,,,,,
19-12-2017 00:00,20-12-2017 00:00,299.59,,,,,,
20-12-2017 00:00,21-12-2017 00:00,391.28,,,,,,
21-12-2017 00:00,22-12-2017 00:00,427.69,,,,,,
22-12-2017 00:00,23-12-2017 00:00,363.56,,,,,,
23-12-2017 00:00,24-12-2017 00:00,243.97,,,,,,
24-12-2017 00:00,25-12-2017 00:00,235.6,,,,,,
25-12-2017 00:00,26-12-2017 00:00,289.27,,,,,,
26-12-2017 00:00,27-12-2017 00:00,381.92,,,,,,
27-12-2017 00:00,28-12-2017 00:00,352.1,,,,,,
28-12-2017 00:00,29-12-2017 00:00,365.68,,,,,,
29-12-2017 00:00,30-12-2017 00:00,342.77,,,,,,
30-12-2017 00:00,31-12-2017 00:00,216.1,,,,,,
31-12-2017 00:00,01-01-2018 00:00,220.02,,,,,,
01-01-2018 00:00,02-01-2018 00:00,191,,,,,,
02-01-2018 00:00,03-01-2018 00:00,153.79,,,,,,
03-01-2018 00:00,04-01-2018 00:00,158.71,,,,,,
04-01-2018 00:00,05-01-2018 00:00,147.46,,,,,,
05-01-2018 00:00,06-01-2018 00:00,106.96,,,,,,
06-01-2018 00:00,07-01-2018 00:00,168.65,,,,,,
07-01-2018 00:00,08-01-2018 00:00,53.53,,,,,,
08-01-2018 00:00,09-01-2018 00:00,87.7,,,,,,
09-01-2018 00:00,10-01-2018 00:00,143.35,,,,,,
10-01-2018 00:00,11-01-2018 00:00,176.83,,,,,,
11-01-2018 00:00,12-01-2018 00:00,163.44,,,,,,
12-01-2018 00:00,13-01-2018 00:00,122.92,,,,,,
13-01-2018 00:00,14-01-2018 00:00,222.92,,,,,,
14-01-2018 00:00,15-01-2018 00:00,371.06,,,,,,
15-01-2018 00:00,16-01-2018 00:00,288.81,,,,,,
16-01-2018 00:00,17-01-2018 00:00,211.04,,,,,,
17-01-2018 00:00,18-01-2018 00:00,284.4,,,,,,
18-01-2018 00:00,19-01-2018 00:00,281.72,,,,,,
19-01-2018 00:00,20-01-2018 00:00,241.9,,,,,,
20-01-2018 00:00,21-01-2018 00:00,91.43,,,,,,
21-01-2018 00:00,22-01-2018 00:00,66.26,,,,,,
22-01-2018 00:00,23-01-2018 00:00,75.77,,,,,,
23-01-2018 00:00,24-01-2018 00:00,114.15,,,,,,
24-01-2018 00:00,25-01-2018 00:00,46.98,,,,,,
25-01-2018 00:00,26-01-2018 00:00,65.08,,,,,,
26-01-2018 00:00,27-01-2018 00:00,60.22,,,,,,
27-01-2018 00:00,28-01-2018 00:00,64.82,,,,,,
28-01-2018 00:00,29-01-2018 00:00,132,,,,,,
29-01-2018 00:00,30-01-2018 00:00,109.14,,,,,,
30-01-2018 00:00,31-01-2018 00:00,67.42,,,,,,
31-01-2018 00:00,01-02-2018 00:00,62.15,,,,,,
01-02-2018 00:00,02-02-2018 00:00,63.32,,,,,,
02-02-2018 00:00,03-02-2018 00:00,74.73,,,,,,
03-02-2018 00:00,04-02-2018 00:00,105.64,,,,,,
04-02-2018 00:00,05-02-2018 00:00,105.44,,,,,,
05-02-2018 00:00,06-02-2018 00:00,70.39,,,,,,
06-02-2018 00:00,07-02-2018 00:00,85.58,,,,,,
07-02-2018 00:00,08-02-2018 00:00,68.15,,,,,,
08-02-2018 00:00,09-02-2018 00:00,97.15,,,,,,
09-02-2018 00:00,10-02-2018 00:00,105.5,,,,,,
10-02-2018 00:00,11-02-2018 00:00,105.52,,,,,,
11-02-2018 00:00,12-02-2018 00:00,146.58,,,,,,
12-02-2018 00:00,13-02-2018 00:00,124.84,,,,,,
13-02-2018 00:00,14-02-2018 00:00,126.08,,,,,,
14-02-2018 00:00,15-02-2018 00:00,135.26,,,,,,
15-02-2018 00:00,16-02-2018 00:00,85.21,,,,,,
16-02-2018 00:00,17-02-2018 00:00,133.73,,,,,,
17-02-2018 00:00,18-02-2018 00:00,125.82,,,,,,
18-02-2018 00:00,19-02-2018 00:00,128.68,,,,,,
19-02-2018 00:00,20-02-2018 00:00,196.12,,,,,,
20-02-2018 00:00,21-02-2018 00:00,135.33,,,,,,
21-02-2018 00:00,22-02-2018 00:00,170.91,,,,,,
22-02-2018 00:00,23-02-2018 00:00,170.25,,,,,,
23-02-2018 00:00,24-02-2018 00:00,152.79,,,,,,
24-02-2018 00:00,25-02-2018 00:00,165,,,,,,
25-02-2018 00:00,26-02-2018 00:00,190.77,,,,,,
26-02-2018 00:00,27-02-2018 00:00,198.32,,,,,,
27-02-2018 00:00,28-02-2018 00:00,111.15,,,,,,
28-02-2018 00:00,01-03-2018 00:00,165.89,,,,,,
01-03-2018 00:00,02-03-2018 00:00,155.05,,,,,,
02-03-2018 00:00,03-03-2018 00:00,236.21,,,,,,
03-03-2018 00:00,04-03-2018 00:00,87.58,,,,,,
04-03-2018 00:00,05-03-2018 00:00,81.78,,,,,,
05-03-2018 00:00,06-03-2018 00:00,90.29,,,,,,
06-03-2018 00:00,07-03-2018 00:00,70.04,,,,,,
07-03-2018 00:00,08-03-2018 00:00,83.96,,,,,,
08-03-2018 00:00,09-03-2018 00:00,115.76,,,,,,
09-03-2018 00:00,10-03-2018 00:00,112.88,,,,,,
10-03-2018 00:00,11-03-2018 00:00,86.05,,,,,,
11-03-2018 00:00,12-03-2018 00:00,84.11,,,,,,
12-03-2018 00:00,13-03-2018 00:00,96.9,,,,,,
13-03-2018 00:00,14-03-2018 00:00,83.29,,,,,,
14-03-2018 00:00,15-03-2018 00:00,150.57,,,,,,
15-03-2018 00:00,16-03-2018 00:00,145.06,,,,,,
16-03-2018 00:00,17-03-2018 00:00,96.43,,,,,,
17-03-2018 00:00,18-03-2018 00:00,78.9,,,,,,
18-03-2018 00:00,19-03-2018 00:00,97.7,,,,,,
19-03-2018 00:00,20-03-2018 00:00,106.88,,,,,,
20-03-2018 00:00,21-03-2018 00:00,128.02,,,,,,
21-03-2018 00:00,22-03-2018 00:00,100.16,,,,,,
22-03-2018 00:00,23-03-2018 00:00,115.1,,,,,,
23-03-2018 00:00,24-03-2018 00:00,105.17,,,,,,
24-03-2018 00:00,25-03-2018 00:00,99.38,,,,,,
25-03-2018 00:00,26-03-2018 00:00,101.09,,,,,,
26-03-2018 00:00,27-03-2018 00:00,83.68,,,,,,
27-03-2018 00:00,28-03-2018 00:00,108.18,,,,,,
28-03-2018 00:00,29-03-2018 00:00,122.45,,,,,,
29-03-2018 00:00,30-03-2018 00:00,140.62,,,,,,
30-03-2018 00:00,31-03-2018 00:00,80.68,,,,,,
31-03-2018 00:00,01-04-2018 00:00,50.23,,,,,,
01-04-2018 00:00,02-04-2018 00:00,63.15,,,,,,
02-04-2018 00:00,03-04-2018 00:00,75.58,,,,,,
03-04-2018 00:00,04-04-2018 00:00,83.49,,,,,,
04-04-2018 00:00,05-04-2018 00:00,84.42,,,,,,
05-04-2018 00:00,06-04-2018 00:00,47.82,,,,,,
06-04-2018 00:00,07-04-2018 00:00,63.53,,,,,,
07-04-2018 00:00,08-04-2018 00:00,65.34,,,,,,
08-04-2018 00:00,09-04-2018 00:00,42.14,,,,,,
09-04-2018 00:00,10-04-2018 00:00,52.53,,,,,,
10-04-2018 00:00,11-04-2018 00:00,50.76,,,,,,
11-04-2018 00:00,12-04-2018 00:00,77.35,,,,,,
12-04-2018 00:00,13-04-2018 00:00,52,,,,,,
13-04-2018 00:00,14-04-2018 00:00,None,,,,,,
14-04-2018 00:00,15-04-2018 00:00,66.43,,,,,,
15-04-2018 00:00,16-04-2018 00:00,None,,,,,,
16-04-2018 00:00,17-04-2018 00:00,None,,,,,,
17-04-2018 00:00,18-04-2018 00:00,None,,,,,,
18-04-2018 00:00,19-04-2018 00:00,None,,,,,,
19-04-2018 00:00,20-04-2018 00:00,None,,,,,,
20-04-2018 00:00,21-04-2018 00:00,None,,,,,,
21-04-2018 00:00,22-04-2018 00:00,None,,,,,,
22-04-2018 00:00,23-04-2018 00:00,None,,,,,,
23-04-2018 00:00,24-04-2018 00:00,57.36,,,,,,
24-04-2018 00:00,25-04-2018 00:00,106.61,,,,,,
25-04-2018 00:00,26-04-2018 00:00,135.43,,,,,,
26-04-2018 00:00,27-04-2018 00:00,124.33,,,,,,
27-04-2018 00:00,28-04-2018 00:00,64.7,,,,,,
28-04-2018 00:00,29-04-2018 00:00,66.93,,,,,,
29-04-2018 00:00,30-04-2018 00:00,66.88,,,,,,
30-04-2018 00:00,01-05-2018 00:00,39.41,,,,,,
01-05-2018 00:00,02-05-2018 00:00,48.24,,,,,,
02-05-2018 00:00,03-05-2018 00:00,74.02,,,,,,
03-05-2018 00:00,04-05-2018 00:00,44.32,,,,,,
04-05-2018 00:00,05-05-2018 00:00,69.58,,,,,,
05-05-2018 00:00,06-05-2018 00:00,71.29,,,,,,
06-05-2018 00:00,07-05-2018 00:00,94.4,,,,,,
07-05-2018 00:00,08-05-2018 00:00,94.91,,,,,,
08-05-2018 00:00,09-05-2018 00:00,97.24,,,,,,
09-05-2018 00:00,10-05-2018 00:00,58.68,,,,,,
10-05-2018 00:00,11-05-2018 00:00,88.3,,,,,,
11-05-2018 00:00,12-05-2018 00:00,103.43,,,,,,
12-05-2018 00:00,13-05-2018 00:00,85.02,,,,,,
13-05-2018 00:00,14-05-2018 00:00,69.09,,,,,,
14-05-2018 00:00,15-05-2018 00:00,49.23,,,,,,
15-05-2018 00:00,16-05-2018 00:00,67.89,,,,,,
16-05-2018 00:00,17-05-2018 00:00,70.38,,,,,,
17-05-2018 00:00,18-05-2018 00:00,77.35,,,,,,
18-05-2018 00:00,19-05-2018 00:00,86.34,,,,,,
19-05-2018 00:00,20-05-2018 00:00,95,,,,,,
20-05-2018 00:00,21-05-2018 00:00,75.72,,,,,,
21-05-2018 00:00,22-05-2018 00:00,110.06,,,,,,
22-05-2018 00:00,23-05-2018 00:00,96.84,,,,,,
23-05-2018 00:00,24-05-2018 00:00,83.23,,,,,,
24-05-2018 00:00,25-05-2018 00:00,86.9,,,,,,
25-05-2018 00:00,26-05-2018 00:00,82.84,,,,,,
26-05-2018 00:00,27-05-2018 00:00,121.66,,,,,,
27-05-2018 00:00,28-05-2018 00:00,113.81,,,,,,
28-05-2018 00:00,29-05-2018 00:00,85.35,,,,,,
29-05-2018 00:00,30-05-2018 00:00,92.89,,,,,,
30-05-2018 00:00,31-05-2018 00:00,57.49,,,,,,
31-05-2018 00:00,01-06-2018 00:00,78.21,,,,,,
01-06-2018 00:00,02-06-2018 00:00,61.11,,,,,,
02-06-2018 00:00,03-06-2018 00:00,71.74,,,,,,
03-06-2018 00:00,04-06-2018 00:00,81.47,,,,,,
04-06-2018 00:00,05-06-2018 00:00,82.36,,,,,,
05-06-2018 00:00,06-06-2018 00:00,80.21,,,,,,
06-06-2018 00:00,07-06-2018 00:00,93.66,,,,,,
07-06-2018 00:00,08-06-2018 00:00,106.54,,,,,,
08-06-2018 00:00,09-06-2018 00:00,80.59,,,,,,
09-06-2018 00:00,10-06-2018 00:00,71.35,,,,,,
10-06-2018 00:00,11-06-2018 00:00,84.05,,,,,,
11-06-2018 00:00,12-06-2018 00:00,73.82,,,,,,
12-06-2018 00:00,13-06-2018 00:00,93.38,,,,,,
13-06-2018 00:00,14-06-2018 00:00,80.45,,,,,,
14-06-2018 00:00,15-06-2018 00:00,102.3,,,,,,
15-06-2018 00:00,16-06-2018 00:00,83.92,,,,,,
16-06-2018 00:00,17-06-2018 00:00,75.29,,,,,,
17-06-2018 00:00,18-06-2018 00:00,52.96,,,,,,
18-06-2018 00:00,19-06-2018 00:00,46.68,,,,,,
19-06-2018 00:00,20-06-2018 00:00,64.83,,,,,,
20-06-2018 00:00,21-06-2018 00:00,71.72,,,,,,
21-06-2018 00:00,22-06-2018 00:00,73.15,,,,,,
22-06-2018 00:00,23-06-2018 00:00,59.39,,,,,,
23-06-2018 00:00,24-06-2018 00:00,46.08,,,,,,
24-06-2018 00:00,25-06-2018 00:00,54.21,,,,,,
25-06-2018 00:00,26-06-2018 00:00,48.75,,,,,,
26-06-2018 00:00,27-06-2018 00:00,50.8,,,,,,
27-06-2018 00:00,28-06-2018 00:00,45.72,,,,,,
28-06-2018 00:00,29-06-2018 00:00,32.06,,,,,,
29-06-2018 00:00,30-06-2018 00:00,48.74,,,,,,
30-06-2018 00:00,01-07-2018 00:00,59.81,,,,,,
01-07-2018 00:00,02-07-2018 00:00,54.5,,,,,,
02-07-2018 00:00,03-07-2018 00:00,46.19,,,,,,
03-07-2018 00:00,04-07-2018 00:00,34.14,,,,,,
04-07-2018 00:00,05-07-2018 00:00,23.95,,,,,,
05-07-2018 00:00,06-07-2018 00:00,34.49,,,,,,
06-07-2018 00:00,07-07-2018 00:00,42.29,,,,,,
07-07-2018 00:00,08-07-2018 00:00,62.67,,,,,,
08-07-2018 00:00,09-07-2018 00:00,47.77,,,,,,
09-07-2018 00:00,10-07-2018 00:00,30.84,,,,,,
10-07-2018 00:00,11-07-2018 00:00,34.76,,,,,,
11-07-2018 00:00,12-07-2018 00:00,37.6,,,,,,
12-07-2018 00:00,13-07-2018 00:00,35.25,,,,,,
13-07-2018 00:00,14-07-2018 00:00,32.34,,,,,,
14-07-2018 00:00,15-07-2018 00:00,30.6,,,,,,
15-07-2018 00:00,16-07-2018 00:00,33.95,,,,,,
16-07-2018 00:00,17-07-2018 00:00,28.69,,,,,,
17-07-2018 00:00,18-07-2018 00:00,27.36,,,,,,
18-07-2018 00:00,19-07-2018 00:00,34.36,,,,,,
19-07-2018 00:00,20-07-2018 00:00,40.67,,,,,,
20-07-2018 00:00,21-07-2018 00:00,33.33,,,,,,
21-07-2018 00:00,22-07-2018 00:00,21.29,,,,,,
22-07-2018 00:00,23-07-2018 00:00,23.07,,,,,,
23-07-2018 00:00,24-07-2018 00:00,22.96,,,,,,
24-07-2018 00:00,25-07-2018 00:00,18.72,,,,,,
25-07-2018 00:00,26-07-2018 00:00,30.26,,,,,,
26-07-2018 00:00,27-07-2018 00:00,22.79,,,,,,
27-07-2018 00:00,28-07-2018 00:00,68.59,,,,,,
28-07-2018 00:00,29-07-2018 00:00,63.67,,,,,,
29-07-2018 00:00,30-07-2018 00:00,67.7,,,,,,
30-07-2018 00:00,31-07-2018 00:00,13.29,,,,,,
31-07-2018 00:00,01-08-2018 00:00,23.23,,,,,,
01-08-2018 00:00,02-08-2018 00:00,35.42,,,,,,
02-08-2018 00:00,03-08-2018 00:00,68.34,,,,,,
03-08-2018 00:00,04-08-2018 00:00,44.33,,,,,,
04-08-2018 00:00,05-08-2018 00:00,40.67,,,,,,
05-08-2018 00:00,06-08-2018 00:00,77.6,,,,,,
06-08-2018 00:00,07-08-2018 00:00,70.87,,,,,,
07-08-2018 00:00,08-08-2018 00:00,40.12,,,,,,
08-08-2018 00:00,09-08-2018 00:00,25.24,,,,,,
09-08-2018 00:00,10-08-2018 00:00,40.41,,,,,,
10-08-2018 00:00,11-08-2018 00:00,67.27,,,,,,
11-08-2018 00:00,12-08-2018 00:00,63.45,,,,,,
12-08-2018 00:00,13-08-2018 00:00,43.89,,,,,,
13-08-2018 00:00,14-08-2018 00:00,43.84,,,,,,
14-08-2018 00:00,15-08-2018 00:00,41.51,,,,,,
15-08-2018 00:00,16-08-2018 00:00,28.76,,,,,,
16-08-2018 00:00,17-08-2018 00:00,28.59,,,,,,
17-08-2018 00:00,18-08-2018 00:00,34.41,,,,,,
18-08-2018 00:00,19-08-2018 00:00,38.16,,,,,,
19-08-2018 00:00,20-08-2018 00:00,38.12,,,,,,
20-08-2018 00:00,21-08-2018 00:00,27.01,,,,,,
21-08-2018 00:00,22-08-2018 00:00,31.56,,,,,,
22-08-2018 00:00,23-08-2018 00:00,36.2,,,,,,
23-08-2018 00:00,24-08-2018 00:00,35.88,,,,,,
24-08-2018 00:00,25-08-2018 00:00,23.71,,,,,,
25-08-2018 00:00,26-08-2018 00:00,24.52,,,,,,
26-08-2018 00:00,27-08-2018 00:00,22.8,,,,,,
27-08-2018 00:00,28-08-2018 00:00,32.54,,,,,,
28-08-2018 00:00,29-08-2018 00:00,29.14,,,,,,
29-08-2018 00:00,30-08-2018 00:00,37.3,,,,,,
30-08-2018 00:00,31-08-2018 00:00,42.19,,,,,,
31-08-2018 00:00,01-09-2018 00:00,31.74,,,,,,
01-09-2018 00:00,02-09-2018 00:00,26.29,,,,,,
02-09-2018 00:00,03-09-2018 00:00,31.05,,,,,,
03-09-2018 00:00,04-09-2018 00:00,26.25,,,,,,
04-09-2018 00:00,05-09-2018 00:00,33.89,,,,,,
05-09-2018 00:00,06-09-2018 00:00,39.96,,,,,,
06-09-2018 00:00,07-09-2018 00:00,31.44,,,,,,
07-09-2018 00:00,08-09-2018 00:00,34.95,,,,,,
08-09-2018 00:00,09-09-2018 00:00,47.6,,,,,,
09-09-2018 00:00,10-09-2018 00:00,59.35,,,,,,
10-09-2018 00:00,11-09-2018 00:00,56.95,,,,,,
11-09-2018 00:00,12-09-2018 00:00,50.65,,,,,,
12-09-2018 00:00,13-09-2018 00:00,40.71,,,,,,
13-09-2018 00:00,14-09-2018 00:00,42.22,,,,,,
14-09-2018 00:00,15-09-2018 00:00,44.06,,,,,,
15-09-2018 00:00,16-09-2018 00:00,68.3,,,,,,
16-09-2018 00:00,17-09-2018 00:00,80.85,,,,,,
17-09-2018 00:00,18-09-2018 00:00,69.8,,,,,,
18-09-2018 00:00,19-09-2018 00:00,63.69,,,,,,
19-09-2018 00:00,20-09-2018 00:00,70.24,,,,,,
20-09-2018 00:00,21-09-2018 00:00,52.14,,,,,,
21-09-2018 00:00,22-09-2018 00:00,23.09,,,,,,
22-09-2018 00:00,23-09-2018 00:00,41.09,,,,,,
23-09-2018 00:00,24-09-2018 00:00,68.57,,,,,,
24-09-2018 00:00,25-09-2018 00:00,69.21,,,,,,
25-09-2018 00:00,26-09-2018 00:00,54.61,,,,,,
26-09-2018 00:00,27-09-2018 00:00,51.2,,,,,,
27-09-2018 00:00,28-09-2018 00:00,71.17,,,,,,
28-09-2018 00:00,29-09-2018 00:00,82.79,,,,,,
29-09-2018 00:00,30-09-2018 00:00,97.36,,,,,,
30-09-2018 00:00,01-10-2018 00:00,74.79,,,,,,
01-10-2018 00:00,02-10-2018 00:00,73.85,,,,,,
02-10-2018 00:00,03-10-2018 00:00,91.21,,,,,,
03-10-2018 00:00,04-10-2018 00:00,74.12,,,,,,
04-10-2018 00:00,05-10-2018 00:00,90.19,,,,,,
05-10-2018 00:00,06-10-2018 00:00,86.61,,,,,,
06-10-2018 00:00,07-10-2018 00:00,100.58,,,,,,
07-10-2018 00:00,08-10-2018 00:00,113.1,,,,,,
08-10-2018 00:00,09-10-2018 00:00,105.37,,,,,,
09-10-2018 00:00,10-10-2018 00:00,105.82,,,,,,
10-10-2018 00:00,11-10-2018 00:00,100.78,,,,,,
11-10-2018 00:00,12-10-2018 00:00,89.33,,,,,,
12-10-2018 00:00,13-10-2018 00:00,36.46,,,,,,
13-10-2018 00:00,14-10-2018 00:00,70.57,,,,,,
14-10-2018 00:00,15-10-2018 00:00,95.42,,,,,,
15-10-2018 00:00,16-10-2018 00:00,125.55,,,,,,
16-10-2018 00:00,17-10-2018 00:00,130.16,,,,,,
17-10-2018 00:00,18-10-2018 00:00,124.4,,,,,,
18-10-2018 00:00,19-10-2018 00:00,112.1,,,,,,
19-10-2018 00:00,20-10-2018 00:00,98.75,,,,,,
20-10-2018 00:00,21-10-2018 00:00,119.34,,,,,,
21-10-2018 00:00,22-10-2018 00:00,141.1,,,,,,
22-10-2018 00:00,23-10-2018 00:00,95.8,,,,,,
23-10-2018 00:00,24-10-2018 00:00,94.76,,,,,,
24-10-2018 00:00,25-10-2018 00:00,106.33,,,,,,
25-10-2018 00:00,26-10-2018 00:00,156.04,,,,,,
26-10-2018 00:00,27-10-2018 00:00,126.45,,,,,,
27-10-2018 00:00,28-10-2018 00:00,129.13,,,,,,
28-10-2018 00:00,29-10-2018 00:00,137.25,,,,,,
29-10-2018 00:00,30-10-2018 00:00,106.67,,,,,,
30-10-2018 00:00,31-10-2018 00:00,103.79,,,,,,
31-10-2018 00:00,01-11-2018 00:00,94.39,,,,,,
01-11-2018 00:00,02-11-2018 00:00,97.33,,,,,,
02-11-2018 00:00,03-11-2018 00:00,103.97,,,,,,
03-11-2018 00:00,04-11-2018 00:00,111.67,,,,,,
04-11-2018 00:00,05-11-2018 00:00,132.8,,,,,,
05-11-2018 00:00,06-11-2018 00:00,147,,,,,,
06-11-2018 00:00,07-11-2018 00:00,169.91,,,,,,
07-11-2018 00:00,08-11-2018 00:00,173.53,,,,,,
08-11-2018 00:00,09-11-2018 00:00,237.27,,,,,,
09-11-2018 00:00,10-11-2018 00:00,204.35,,,,,,
10-11-2018 00:00,11-11-2018 00:00,196.78,,,,,,
11-11-2018 00:00,12-11-2018 00:00,223.88,,,,,,
12-11-2018 00:00,13-11-2018 00:00,211.58,,,,,,
13-11-2018 00:00,14-11-2018 00:00,186.03,,,,,,
14-11-2018 00:00,15-11-2018 00:00,166.11,,,,,,
15-11-2018 00:00,16-11-2018 00:00,187.54,,,,,,
16-11-2018 00:00,17-11-2018 00:00,152.45,,,,,,
17-11-2018 00:00,18-11-2018 00:00,140.73,,,,,,
18-11-2018 00:00,19-11-2018 00:00,175.96,,,,,,
19-11-2018 00:00,20-11-2018 00:00,217.3,,,,,,
20-11-2018 00:00,21-11-2018 00:00,200.25,,,,,,
21-11-2018 00:00,22-11-2018 00:00,233.4,,,,,,
22-11-2018 00:00,23-11-2018 00:00,191.75,,,,,,
23-11-2018 00:00,24-11-2018 00:00,188.67,,,,,,
24-11-2018 00:00,25-11-2018 00:00,148.79,,,,,,
25-11-2018 00:00,26-11-2018 00:00,124.92,,,,,,
26-11-2018 00:00,27-11-2018 00:00,171.71,,,,,,
27-11-2018 00:00,28-11-2018 00:00,210.62,,,,,,
28-11-2018 00:00,29-11-2018 00:00,201.99,,,,,,
29-11-2018 00:00,30-11-2018 00:00,197.88,,,,,,
30-11-2018 00:00,01-12-2018 00:00,274.83,,,,,,
01-12-2018 00:00,02-12-2018 00:00,186.44,,,,,,
02-12-2018 00:00,03-12-2018 00:00,211.54,,,,,,
03-12-2018 00:00,04-12-2018 00:00,183.59,,,,,,
04-12-2018 00:00,05-12-2018 00:00,173.21,,,,,,
05-12-2018 00:00,06-12-2018 00:00,205.58,,,,,,
06-12-2018 00:00,07-12-2018 00:00,206.61,,,,,,
07-12-2018 00:00,08-12-2018 00:00,232.43,,,,,,
08-12-2018 00:00,09-12-2018 00:00,175.96,,,,,,
09-12-2018 00:00,10-12-2018 00:00,220.79,,,,,,
10-12-2018 00:00,11-12-2018 00:00,251.96,,,,,,
11-12-2018 00:00,12-12-2018 00:00,198,,,,,,
12-12-2018 00:00,13-12-2018 00:00,240.17,,,,,,
13-12-2018 00:00,14-12-2018 00:00,231.21,,,,,,
14-12-2018 00:00,15-12-2018 00:00,176.04,,,,,,
15-12-2018 00:00,16-12-2018 00:00,156.68,,,,,,
16-12-2018 00:00,17-12-2018 00:00,159.82,,,,,,
17-12-2018 00:00,18-12-2018 00:00,238.55,,,,,,
18-12-2018 00:00,19-12-2018 00:00,177.69,,,,,,
19-12-2018 00:00,20-12-2018 00:00,171.62,,,,,,
20-12-2018 00:00,21-12-2018 00:00,212.54,,,,,,
21-12-2018 00:00,22-12-2018 00:00,221.29,,,,,,
22-12-2018 00:00,23-12-2018 00:00,237.82,,,,,,
23-12-2018 00:00,24-12-2018 00:00,253.76,,,,,,
24-12-2018 00:00,25-12-2018 00:00,237.17,,,,,,
25-12-2018 00:00,26-12-2018 00:00,201.08,,,,,,
26-12-2018 00:00,27-12-2018 00:00,208.99,,,,,,
27-12-2018 00:00,28-12-2018 00:00,194.86,,,,,,
28-12-2018 00:00,29-12-2018 00:00,179.02,,,,,,
29-12-2018 00:00,30-12-2018 00:00,224.22,,,,,,
30-12-2018 00:00,31-12-2018 00:00,246.83,,,,,,
31-12-2018 00:00,01-01-2019 00:00,278.96,,,,,,
01-01-2019 00:00,02-01-2019 00:00,299.71,,,,,,
02-01-2019 00:00,03-01-2019 00:00,350.67,,,,,,
03-01-2019 00:00,04-01-2019 00:00,305.79,,,,,,
04-01-2019 00:00,05-01-2019 00:00,176.16,,,,,,
05-01-2019 00:00,06-01-2019 00:00,176.64,,,,,,
06-01-2019 00:00,07-01-2019 00:00,133.38,,,,,,
07-01-2019 00:00,08-01-2019 00:00,104.65,,,,,,
08-01-2019 00:00,09-01-2019 00:00,173.22,,,,,,
09-01-2019 00:00,10-01-2019 00:00,168.94,,,,,,
10-01-2019 00:00,11-01-2019 00:00,195.04,,,,,,
11-01-2019 00:00,12-01-2019 00:00,234.99,,,,,,
12-01-2019 00:00,13-01-2019 00:00,190.86,,,,,,
13-01-2019 00:00,14-01-2019 00:00,180.43,,,,,,
14-01-2019 00:00,15-01-2019 00:00,144.19,,,,,,
15-01-2019 00:00,16-01-2019 00:00,96.73,,,,,,
16-01-2019 00:00,17-01-2019 00:00,131.65,,,,,,
17-01-2019 00:00,18-01-2019 00:00,181.17,,,,,,
18-01-2019 00:00,19-01-2019 00:00,167.58,,,,,,
19-01-2019 00:00,20-01-2019 00:00,154.81,,,,,,
20-01-2019 00:00,21-01-2019 00:00,165.49,,,,,,
21-01-2019 00:00,22-01-2019 00:00,153.31,,,,,,
22-01-2019 00:00,23-01-2019 00:00,170.54,,,,,,
23-01-2019 00:00,24-01-2019 00:00,118.23,,,,,,
24-01-2019 00:00,25-01-2019 00:00,123.46,,,,,,
25-01-2019 00:00,26-01-2019 00:00,144.97,,,,,,
26-01-2019 00:00,27-01-2019 00:00,90.49,,,,,,
27-01-2019 00:00,28-01-2019 00:00,109.95,,,,,,
28-01-2019 00:00,29-01-2019 00:00,127.4,,,,,,
29-01-2019 00:00,30-01-2019 00:00,119.86,,,,,,
30-01-2019 00:00,31-01-2019 00:00,137.41,,,,,,
31-01-2019 00:00,01-02-2019 00:00,186.23,,,,,,
01-02-2019 00:00,02-02-2019 00:00,168.92,,,,,,
02-02-2019 00:00,03-02-2019 00:00,224.74,,,,,,
03-02-2019 00:00,04-02-2019 00:00,199.3,,,,,,
04-02-2019 00:00,05-02-2019 00:00,186.66,,,,,,
05-02-2019 00:00,06-02-2019 00:00,187.8,,,,,,
06-02-2019 00:00,07-02-2019 00:00,178.26,,,,,,
07-02-2019 00:00,08-02-2019 00:00,140,,,,,,
08-02-2019 00:00,09-02-2019 00:00,124.53,,,,,,
09-02-2019 00:00,10-02-2019 00:00,115.51,,,,,,
10-02-2019 00:00,11-02-2019 00:00,105.34,,,,,,
11-02-2019 00:00,12-02-2019 00:00,144.49,,,,,,
12-02-2019 00:00,13-02-2019 00:00,163.33,,,,,,
13-02-2019 00:00,14-02-2019 00:00,200.89,,,,,,
14-02-2019 00:00,15-02-2019 00:00,208.85,,,,,,
15-02-2019 00:00,16-02-2019 00:00,119.18,,,,,,
16-02-2019 00:00,17-02-2019 00:00,98.73,,,,,,
17-02-2019 00:00,18-02-2019 00:00,116.47,,,,,,
18-02-2019 00:00,19-02-2019 00:00,122.72,,,,,,
19-02-2019 00:00,20-02-2019 00:00,123.14,,,,,,
20-02-2019 00:00,21-02-2019 00:00,154.41,,,,,,
21-02-2019 00:00,22-02-2019 00:00,128.43,,,,,,
22-02-2019 00:00,23-02-2019 00:00,131.07,,,,,,
23-02-2019 00:00,24-02-2019 00:00,84.68,,,,,,
24-02-2019 00:00,25-02-2019 00:00,91.11,,,,,,
25-02-2019 00:00,26-02-2019 00:00,111.2,,,,,,
26-02-2019 00:00,27-02-2019 00:00,111.64,,,,,,
27-02-2019 00:00,28-02-2019 00:00,70.47,,,,,,
28-02-2019 00:00,01-03-2019 00:00,62.85,,,,,,
01-03-2019 00:00,02-03-2019 00:00,89.51,,,,,,
02-03-2019 00:00,03-03-2019 00:00,131.56,,,,,,
03-03-2019 00:00,04-03-2019 00:00,105.79,,,,,,
04-03-2019 00:00,05-03-2019 00:00,103.43,,,,,,
05-03-2019 00:00,06-03-2019 00:00,125.06,,,,,,
06-03-2019 00:00,07-03-2019 00:00,68.4,,,,,,
07-03-2019 00:00,08-03-2019 00:00,81.21,,,,,,
08-03-2019 00:00,09-03-2019 00:00,97.15,,,,,,
09-03-2019 00:00,10-03-2019 00:00,57.35,,,,,,
10-03-2019 00:00,11-03-2019 00:00,130.86,,,,,,
11-03-2019 00:00,12-03-2019 00:00,130.19,,,,,,
12-03-2019 00:00,13-03-2019 00:00,144.13,,,,,,
13-03-2019 00:00,14-03-2019 00:00,105.19,,,,,,
14-03-2019 00:00,15-03-2019 00:00,109.91,,,,,,
15-03-2019 00:00,16-03-2019 00:00,123.34,,,,,,
16-03-2019 00:00,17-03-2019 00:00,89.21,,,,,,
17-03-2019 00:00,18-03-2019 00:00,102.02,,,,,,
18-03-2019 00:00,19-03-2019 00:00,97.63,,,,,,
19-03-2019 00:00,20-03-2019 00:00,120.79,,,,,,
20-03-2019 00:00,21-03-2019 00:00,119.44,,,,,,
21-03-2019 00:00,22-03-2019 00:00,273.4,,,,,,
22-03-2019 00:00,23-03-2019 00:00,94.08,,,,,,
23-03-2019 00:00,24-03-2019 00:00,77.29,,,,,,
24-03-2019 00:00,25-03-2019 00:00,111.51,,,,,,
25-03-2019 00:00,26-03-2019 00:00,103.21,,,,,,
26-03-2019 00:00,27-03-2019 00:00,65.88,,,,,,
27-03-2019 00:00,28-03-2019 00:00,106.75,,,,,,
28-03-2019 00:00,29-03-2019 00:00,135.49,,,,,,
29-03-2019 00:00,30-03-2019 00:00,146.66,,,,,,
30-03-2019 00:00,31-03-2019 00:00,124.03,,,,,,
31-03-2019 00:00,01-04-2019 00:00,128.44,,,,,,
01-04-2019 00:00,02-04-2019 00:00,74.01,,,,,,
02-04-2019 00:00,03-04-2019 00:00,95.76,,,,,,
03-04-2019 00:00,04-04-2019 00:00,96.36,,,,,,
04-04-2019 00:00,05-04-2019 00:00,88.07,,,,,,
05-04-2019 00:00,06-04-2019 00:00,91.67,,,,,,
06-04-2019 00:00,07-04-2019 00:00,82.52,,,,,,
07-04-2019 00:00,08-04-2019 00:00,54.17,,,,,,
08-04-2019 00:00,09-04-2019 00:00,66.16,,,,,,
09-04-2019 00:00,10-04-2019 00:00,75.33,,,,,,
10-04-2019 00:00,11-04-2019 00:00,58.87,,,,,,
11-04-2019 00:00,12-04-2019 00:00,81.5,,,,,,
12-04-2019 00:00,13-04-2019 00:00,113.62,,,,,,
13-04-2019 00:00,14-04-2019 00:00,132.88,,,,,,
14-04-2019 00:00,15-04-2019 00:00,131.16,,,,,,
15-04-2019 00:00,16-04-2019 00:00,119.72,,,,,,
16-04-2019 00:00,17-04-2019 00:00,128.54,,,,,,
17-04-2019 00:00,18-04-2019 00:00,83.56,,,,,,
18-04-2019 00:00,19-04-2019 00:00,73.28,,,,,,
19-04-2019 00:00,20-04-2019 00:00,60.94,,,,,,
20-04-2019 00:00,21-04-2019 00:00,87.57,,,,,,
21-04-2019 00:00,22-04-2019 00:00,101.6,,,,,,
22-04-2019 00:00,23-04-2019 00:00,133.99,,,,,,
23-04-2019 00:00,24-04-2019 00:00,75.06,,,,,,
24-04-2019 00:00,25-04-2019 00:00,72.79,,,,,,
25-04-2019 00:00,26-04-2019 00:00,93.83,,,,,,
26-04-2019 00:00,27-04-2019 00:00,107.61,,,,,,
27-04-2019 00:00,28-04-2019 00:00,118.45,,,,,,
28-04-2019 00:00,29-04-2019 00:00,98.18,,,,,,
29-04-2019 00:00,30-04-2019 00:00,114.85,,,,,,
30-04-2019 00:00,01-05-2019 00:00,131.13,,,,,,
01-05-2019 00:00,02-05-2019 00:00,104.46,,,,,,
02-05-2019 00:00,03-05-2019 00:00,72.86,,,,,,
03-05-2019 00:00,04-05-2019 00:00,63.98,,,,,,
04-05-2019 00:00,05-05-2019 00:00,58,,,,,,
05-05-2019 00:00,06-05-2019 00:00,120.11,,,,,,
06-05-2019 00:00,07-05-2019 00:00,85.43,,,,,,
07-05-2019 00:00,08-05-2019 00:00,84.56,,,,,,
08-05-2019 00:00,09-05-2019 00:00,101.42,,,,,,
09-05-2019 00:00,10-05-2019 00:00,120.93,,,,,,
10-05-2019 00:00,11-05-2019 00:00,108.96,,,,,,
11-05-2019 00:00,12-05-2019 00:00,82.85,,,,,,
12-05-2019 00:00,13-05-2019 00:00,72.93,,,,,,
13-05-2019 00:00,14-05-2019 00:00,85.32,,,,,,
14-05-2019 00:00,15-05-2019 00:00,102,,,,,,
15-05-2019 00:00,16-05-2019 00:00,76.8,,,,,,
16-05-2019 00:00,17-05-2019 00:00,88.87,,,,,,
17-05-2019 00:00,18-05-2019 00:00,95.72,,,,,,
18-05-2019 00:00,19-05-2019 00:00,82.26,,,,,,
19-05-2019 00:00,20-05-2019 00:00,68.7,,,,,,
20-05-2019 00:00,21-05-2019 00:00,121.93,,,,,,
21-05-2019 00:00,22-05-2019 00:00,110.27,,,,,,
22-05-2019 00:00,23-05-2019 00:00,159.51,,,,,,
23-05-2019 00:00,24-05-2019 00:00,96.48,,,,,,
24-05-2019 00:00,25-05-2019 00:00,67.6,,,,,,
25-05-2019 00:00,26-05-2019 00:00,72.8,,,,,,
26-05-2019 00:00,27-05-2019 00:00,69.36,,,,,,
27-05-2019 00:00,28-05-2019 00:00,82.13,,,,,,
28-05-2019 00:00,29-05-2019 00:00,95.85,,,,,,
29-05-2019 00:00,30-05-2019 00:00,94.12,,,,,,
30-05-2019 00:00,31-05-2019 00:00,94.9,,,,,,
31-05-2019 00:00,01-06-2019 00:00,60.2,,,,,,
01-06-2019 00:00,02-06-2019 00:00,57.39,,,,,,
02-06-2019 00:00,03-06-2019 00:00,57.7,,,,,,
03-06-2019 00:00,04-06-2019 00:00,50.53,,,,,,
04-06-2019 00:00,05-06-2019 00:00,61.9,,,,,,
05-06-2019 00:00,06-06-2019 00:00,58.47,,,,,,
06-06-2019 00:00,07-06-2019 00:00,59.18,,,,,,
07-06-2019 00:00,08-06-2019 00:00,53.7,,,,,,
08-06-2019 00:00,09-06-2019 00:00,71.02,,,,,,
09-06-2019 00:00,10-06-2019 00:00,73.93,,,,,,
10-06-2019 00:00,11-06-2019 00:00,79.39,,,,,,
11-06-2019 00:00,12-06-2019 00:00,55.21,,,,,,
12-06-2019 00:00,13-06-2019 00:00,54.2,,,,,,
13-06-2019 00:00,14-06-2019 00:00,66.63,,,,,,
14-06-2019 00:00,15-06-2019 00:00,61.17,,,,,,
15-06-2019 00:00,16-06-2019 00:00,67.16,,,,,,
16-06-2019 00:00,17-06-2019 00:00,65.15,,,,,,
17-06-2019 00:00,18-06-2019 00:00,53.86,,,,,,
18-06-2019 00:00,19-06-2019 00:00,50.46,,,,,,
19-06-2019 00:00,20-06-2019 00:00,93.61,,,,,,
20-06-2019 00:00,21-06-2019 00:00,72.3,,,,,,
21-06-2019 00:00,22-06-2019 00:00,92.67,,,,,,
22-06-2019 00:00,23-06-2019 00:00,29.43,,,,,,
23-06-2019 00:00,24-06-2019 00:00,45.86,,,,,,
24-06-2019 00:00,25-06-2019 00:00,61.66,,,,,,
25-06-2019 00:00,26-06-2019 00:00,64.52,,,,,,
26-06-2019 00:00,27-06-2019 00:00,54.47,,,,,,
27-06-2019 00:00,28-06-2019 00:00,39.89,,,,,,
28-06-2019 00:00,29-06-2019 00:00,56.06,,,,,,
29-06-2019 00:00,30-06-2019 00:00,51.24,,,,,,
30-06-2019 00:00,01-07-2019 00:00,71.57,,,,,,
01-07-2019 00:00,02-07-2019 00:00,51.24,,,,,,
02-07-2019 00:00,03-07-2019 00:00,30,,,,,,
03-07-2019 00:00,04-07-2019 00:00,29.83,,,,,,
04-07-2019 00:00,05-07-2019 00:00,30.7,,,,,,
05-07-2019 00:00,06-07-2019 00:00,41.77,,,,,,
06-07-2019 00:00,07-07-2019 00:00,32.01,,,,,,
07-07-2019 00:00,08-07-2019 00:00,25.29,,,,,,
08-07-2019 00:00,09-07-2019 00:00,17.89,,,,,,
09-07-2019 00:00,10-07-2019 00:00,19.65,,,,,,
10-07-2019 00:00,11-07-2019 00:00,21.42,,,,,,
11-07-2019 00:00,12-07-2019 00:00,40.68,,,,,,
12-07-2019 00:00,13-07-2019 00:00,45.55,,,,,,
13-07-2019 00:00,14-07-2019 00:00,49.6,,,,,,
14-07-2019 00:00,15-07-2019 00:00,50.28,,,,,,
15-07-2019 00:00,16-07-2019 00:00,53.72,,,,,,
16-07-2019 00:00,17-07-2019 00:00,42.72,,,,,,
17-07-2019 00:00,18-07-2019 00:00,43.45,,,,,,
18-07-2019 00:00,19-07-2019 00:00,60.95,,,,,,
19-07-2019 00:00,20-07-2019 00:00,44.8,,,,,,
20-07-2019 00:00,21-07-2019 00:00,47.96,,,,,,
21-07-2019 00:00,22-07-2019 00:00,41.46,,,,,,
22-07-2019 00:00,23-07-2019 00:00,46.93,,,,,,
23-07-2019 00:00,24-07-2019 00:00,59.18,,,,,,
24-07-2019 00:00,25-07-2019 00:00,30.53,,,,,,
25-07-2019 00:00,26-07-2019 00:00,24.35,,,,,,
26-07-2019 00:00,27-07-2019 00:00,33.79,,,,,,
27-07-2019 00:00,28-07-2019 00:00,36.8,,,,,,
28-07-2019 00:00,29-07-2019 00:00,21.62,,,,,,
29-07-2019 00:00,30-07-2019 00:00,20.79,,,,,,
30-07-2019 00:00,31-07-2019 00:00,23.11,,,,,,
31-07-2019 00:00,01-08-2019 00:00,23.52,,,,,,
01-08-2019 00:00,02-08-2019 00:00,42.02,,,,,,
02-08-2019 00:00,03-08-2019 00:00,47.82,,,,,,
03-08-2019 00:00,04-08-2019 00:00,38.85,,,,,,
04-08-2019 00:00,05-08-2019 00:00,51.2,,,,,,
05-08-2019 00:00,06-08-2019 00:00,30.59,,,,,,
06-08-2019 00:00,07-08-2019 00:00,27.12,,,,,,
07-08-2019 00:00,08-08-2019 00:00,16.34,,,,,,
08-08-2019 00:00,09-08-2019 00:00,12.03,,,,,,
09-08-2019 00:00,10-08-2019 00:00,27.74,,,,,,
10-08-2019 00:00,11-08-2019 00:00,45.02,,,,,,
11-08-2019 00:00,12-08-2019 00:00,52.9,,,,,,
12-08-2019 00:00,13-08-2019 00:00,39.29,,,,,,
13-08-2019 00:00,14-08-2019 00:00,19.36,,,,,,
14-08-2019 00:00,15-08-2019 00:00,22.3,,,,,,
15-08-2019 00:00,16-08-2019 00:00,33.42,,,,,,
16-08-2019 00:00,17-08-2019 00:00,30.31,,,,,,
17-08-2019 00:00,18-08-2019 00:00,40.17,,,,,,
18-08-2019 00:00,19-08-2019 00:00,38.97,,,,,,
19-08-2019 00:00,20-08-2019 00:00,30.5,,,,,,
20-08-2019 00:00,21-08-2019 00:00,25.86,,,,,,
21-08-2019 00:00,22-08-2019 00:00,36.7,,,,,,
22-08-2019 00:00,23-08-2019 00:00,53.76,,,,,,
23-08-2019 00:00,24-08-2019 00:00,46.38,,,,,,
24-08-2019 00:00,25-08-2019 00:00,46.08,,,,,,
25-08-2019 00:00,26-08-2019 00:00,24.91,,,,,,
26-08-2019 00:00,27-08-2019 00:00,37.92,,,,,,
27-08-2019 00:00,28-08-2019 00:00,27.69,,,,,,
28-08-2019 00:00,29-08-2019 00:00,41.93,,,,,,
29-08-2019 00:00,30-08-2019 00:00,39.49,,,,,,
30-08-2019 00:00,31-08-2019 00:00,29.28,,,,,,
31-08-2019 00:00,01-09-2019 00:00,49.5,,,,,,
01-09-2019 00:00,02-09-2019 00:00,49.31,,,,,,
02-09-2019 00:00,03-09-2019 00:00,52.4,,,,,,
03-09-2019 00:00,04-09-2019 00:00,31.89,,,,,,
04-09-2019 00:00,05-09-2019 00:00,24.63,,,,,,
05-09-2019 00:00,06-09-2019 00:00,21.5,,,,,,
06-09-2019 00:00,07-09-2019 00:00,33.96,,,,,,
07-09-2019 00:00,08-09-2019 00:00,30.62,,,,,,
08-09-2019 00:00,09-09-2019 00:00,20.97,,,,,,
09-09-2019 00:00,10-09-2019 00:00,36.62,,,,,,
10-09-2019 00:00,11-09-2019 00:00,36.67,,,,,,
11-09-2019 00:00,12-09-2019 00:00,39.44,,,,,,
12-09-2019 00:00,13-09-2019 00:00,23.46,,,,,,
13-09-2019 00:00,14-09-2019 00:00,18.63,,,,,,
14-09-2019 00:00,15-09-2019 00:00,30.79,,,,,,
15-09-2019 00:00,16-09-2019 00:00,45.72,,,,,,
16-09-2019 00:00,17-09-2019 00:00,61.53,,,,,,
17-09-2019 00:00,18-09-2019 00:00,30.21,,,,,,
18-09-2019 00:00,19-09-2019 00:00,8.75,,,,,,
19-09-2019 00:00,20-09-2019 00:00,32.72,,,,,,
20-09-2019 00:00,21-09-2019 00:00,27.9,,,,,,
21-09-2019 00:00,22-09-2019 00:00,35.2,,,,,,
22-09-2019 00:00,23-09-2019 00:00,31.8,,,,,,
23-09-2019 00:00,24-09-2019 00:00,35.66,,,,,,
24-09-2019 00:00,25-09-2019 00:00,19.06,,,,,,
25-09-2019 00:00,26-09-2019 00:00,9.11,,,,,,
26-09-2019 00:00,27-09-2019 00:00,8,,,,,,
27-09-2019 00:00,28-09-2019 00:00,None,,,,,,
28-09-2019 00:00,29-09-2019 00:00,None,,,,,,
29-09-2019 00:00,30-09-2019 00:00,None,,,,,,
30-09-2019 00:00,01-10-2019 00:00,None,,,,,,
01-10-2019 00:00,02-10-2019 00:00,30.07,,,,,,
02-10-2019 00:00,03-10-2019 00:00,26.72,,,,,,
03-10-2019 00:00,04-10-2019 00:00,23.19,,,,,,
04-10-2019 00:00,05-10-2019 00:00,40.17,,,,,,
05-10-2019 00:00,06-10-2019 00:00,48.11,,,,,,
06-10-2019 00:00,07-10-2019 00:00,70.04,,,,,,
07-10-2019 00:00,08-10-2019 00:00,73.66,,,,,,
08-10-2019 00:00,09-10-2019 00:00,84.14,,,,,,
09-10-2019 00:00,10-10-2019 00:00,58.99,,,,,,
10-10-2019 00:00,11-10-2019 00:00,61.17,,,,,,
11-10-2019 00:00,12-10-2019 00:00,70.69,,,,,,
12-10-2019 00:00,13-10-2019 00:00,74.38,,,,,,
13-10-2019 00:00,14-10-2019 00:00,84.14,,,,,,
14-10-2019 00:00,15-10-2019 00:00,89.62,,,,,,
15-10-2019 00:00,16-10-2019 00:00,98.46,,,,,,
16-10-2019 00:00,17-10-2019 00:00,122.18,,,,,,
17-10-2019 00:00,18-10-2019 00:00,113.6,,,,,,
18-10-2019 00:00,19-10-2019 00:00,96.05,,,,,,
19-10-2019 00:00,20-10-2019 00:00,68.72,,,,,,
20-10-2019 00:00,21-10-2019 00:00,103.7,,,,,,
21-10-2019 00:00,22-10-2019 00:00,113.19,,,,,,
22-10-2019 00:00,23-10-2019 00:00,112.9,,,,,,
23-10-2019 00:00,24-10-2019 00:00,114.72,,,,,,
24-10-2019 00:00,25-10-2019 00:00,86.16,,,,,,
25-10-2019 00:00,26-10-2019 00:00,26.26,,,,,,
26-10-2019 00:00,27-10-2019 00:00,65.23,,,,,,
27-10-2019 00:00,28-10-2019 00:00,126.27,,,,,,
28-10-2019 00:00,29-10-2019 00:00,174.97,,,,,,
29-10-2019 00:00,30-10-2019 00:00,150.01,,,,,,
30-10-2019 00:00,31-10-2019 00:00,114.85,,,,,,
31-10-2019 00:00,01-11-2019 00:00,173.18,,,,,,
01-11-2019 00:00,02-11-2019 00:00,193.47,,,,,,
02-11-2019 00:00,03-11-2019 00:00,151.04,,,,,,
03-11-2019 00:00,04-11-2019 00:00,174.05,,,,,,
04-11-2019 00:00,05-11-2019 00:00,240.62,,,,,,
05-11-2019 00:00,06-11-2019 00:00,119.48,,,,,,
06-11-2019 00:00,07-11-2019 00:00,113.79,,,,,,
07-11-2019 00:00,08-11-2019 00:00,130.74,,,,,,
08-11-2019 00:00,09-11-2019 00:00,148.76,,,,,,
09-11-2019 00:00,10-11-2019 00:00,93.33,,,,,,
10-11-2019 00:00,11-11-2019 00:00,83.86,,,,,,
11-11-2019 00:00,12-11-2019 00:00,99.81,,,,,,
12-11-2019 00:00,13-11-2019 00:00,139.97,,,,,,
13-11-2019 00:00,14-11-2019 00:00,140.4,,,,,,
14-11-2019 00:00,15-11-2019 00:00,149.38,,,,,,
15-11-2019 00:00,16-11-2019 00:00,119.11,,,,,,
16-11-2019 00:00,17-11-2019 00:00,112.71,,,,,,
17-11-2019 00:00,18-11-2019 00:00,136.74,,,,,,
18-11-2019 00:00,19-11-2019 00:00,144.19,,,,,,
19-11-2019 00:00,20-11-2019 00:00,108.46,,,,,,
20-11-2019 00:00,21-11-2019 00:00,116.35,,,,,,
21-11-2019 00:00,22-11-2019 00:00,150.03,,,,,,
22-11-2019 00:00,23-11-2019 00:00,148.14,,,,,,
23-11-2019 00:00,24-11-2019 00:00,162.53,,,,,,
24-11-2019 00:00,25-11-2019 00:00,123.14,,,,,,
25-11-2019 00:00,26-11-2019 00:00,150.13,,,,,,
26-11-2019 00:00,27-11-2019 00:00,268.41,,,,,,
27-11-2019 00:00,28-11-2019 00:00,None,,,,,,
28-11-2019 00:00,29-11-2019 00:00,260.67,,,,,,
29-11-2019 00:00,30-11-2019 00:00,198.99,,,,,,
30-11-2019 00:00,01-12-2019 00:00,159.44,,,,,,
01-12-2019 00:00,02-12-2019 00:00,127.5,,,,,,
02-12-2019 00:00,03-12-2019 00:00,153.11,,,,,,
03-12-2019 00:00,04-12-2019 00:00,182.63,,,,,,
04-12-2019 00:00,05-12-2019 00:00,183.83,,,,,,
05-12-2019 00:00,06-12-2019 00:00,158.47,,,,,,
06-12-2019 00:00,07-12-2019 00:00,201.67,,,,,,
07-12-2019 00:00,08-12-2019 00:00,132.18,,,,,,
08-12-2019 00:00,09-12-2019 00:00,188.25,,,,,,
09-12-2019 00:00,10-12-2019 00:00,176.34,,,,,,
10-12-2019 00:00,11-12-2019 00:00,161,,,,,,
11-12-2019 00:00,12-12-2019 00:00,201.93,,,,,,
12-12-2019 00:00,13-12-2019 00:00,137.74,,,,,,
13-12-2019 00:00,14-12-2019 00:00,112.3,,,,,,
14-12-2019 00:00,15-12-2019 00:00,70.59,,,,,,
15-12-2019 00:00,16-12-2019 00:00,78.14,,,,,,
16-12-2019 00:00,17-12-2019 00:00,103.01,,,,,,
17-12-2019 00:00,18-12-2019 00:00,114.81,,,,,,
18-12-2019 00:00,19-12-2019 00:00,103.56,,,,,,
19-12-2019 00:00,20-12-2019 00:00,None,,,,,,
20-12-2019 00:00,21-12-2019 00:00,None,,,,,,
21-12-2019 00:00,22-12-2019 00:00,None,,,,,,
22-12-2019 00:00,23-12-2019 00:00,None,,,,,,
23-12-2019 00:00,24-12-2019 00:00,124.15,,,,,,
24-12-2019 00:00,25-12-2019 00:00,155.26,,,,,,
25-12-2019 00:00,26-12-2019 00:00,131.42,,,,,,
26-12-2019 00:00,27-12-2019 00:00,119.06,,,,,,
27-12-2019 00:00,28-12-2019 00:00,165.59,,,,,,
28-12-2019 00:00,29-12-2019 00:00,201.81,,,,,,
29-12-2019 00:00,30-12-2019 00:00,170.37,,,,,,
30-12-2019 00:00,31-12-2019 00:00,153.52,,,,,,
31-12-2019 00:00,01-01-2020 00:00,193.11,,,,,,
01-01-2020 00:00,02-01-2020 00:00,274.89,,,,,,
02-01-2020 00:00,03-01-2020 00:00,183.81,,,,,,
03-01-2020 00:00,04-01-2020 00:00,109.22,,,,,,
04-01-2020 00:00,05-01-2020 00:00,82.93,,,,,,
05-01-2020 00:00,06-01-2020 00:00,79.97,,,,,,
06-01-2020 00:00,07-01-2020 00:00,121.46,,,,,,
07-01-2020 00:00,08-01-2020 00:00,187.72,,,,,,
08-01-2020 00:00,09-01-2020 00:00,113.95,,,,,,
09-01-2020 00:00,10-01-2020 00:00,103,,,,,,
10-01-2020 00:00,11-01-2020 00:00,77.09,,,,,,
11-01-2020 00:00,12-01-2020 00:00,133.07,,,,,,
12-01-2020 00:00,13-01-2020 00:00,204.09,,,,,,
13-01-2020 00:00,14-01-2020 00:00,201.45,,,,,,
14-01-2020 00:00,15-01-2020 00:00,115.97,,,,,,
15-01-2020 00:00,16-01-2020 00:00,166.66,,,,,,
16-01-2020 00:00,17-01-2020 00:00,106.24,,,,,,
17-01-2020 00:00,18-01-2020 00:00,88.07,,,,,,
18-01-2020 00:00,19-01-2020 00:00,93.92,,,,,,
19-01-2020 00:00,20-01-2020 00:00,66.46,,,,,,
20-01-2020 00:00,21-01-2020 00:00,89.76,,,,,,
21-01-2020 00:00,22-01-2020 00:00,126.29,,,,,,
22-01-2020 00:00,23-01-2020 00:00,137.17,,,,,,
23-01-2020 00:00,24-01-2020 00:00,99.21,,,,,,
24-01-2020 00:00,25-01-2020 00:00,73.5,,,,,,
25-01-2020 00:00,26-01-2020 00:00,128.13,,,,,,
26-01-2020 00:00,27-01-2020 00:00,138.47,,,,,,
27-01-2020 00:00,28-01-2020 00:00,140.52,,,,,,
28-01-2020 00:00,29-01-2020 00:00,112.71,,,,,,
29-01-2020 00:00,30-01-2020 00:00,140.71,,,,,,
30-01-2020 00:00,31-01-2020 00:00,84.62,,,,,,
31-01-2020 00:00,01-02-2020 00:00,69,,,,,,
01-02-2020 00:00,02-02-2020 00:00,79.96,,,,,,
02-02-2020 00:00,03-02-2020 00:00,92.81,,,,,,
03-02-2020 00:00,04-02-2020 00:00,98.25,,,,,,
04-02-2020 00:00,05-02-2020 00:00,130.39,,,,,,
05-02-2020 00:00,06-02-2020 00:00,133.25,,,,,,
06-02-2020 00:00,07-02-2020 00:00,100.62,,,,,,
07-02-2020 00:00,08-02-2020 00:00,129.06,,,,,,
08-02-2020 00:00,09-02-2020 00:00,118.38,,,,,,
09-02-2020 00:00,10-02-2020 00:00,121.45,,,,,,
10-02-2020 00:00,11-02-2020 00:00,117.47,,,,,,
11-02-2020 00:00,12-02-2020 00:00,116.93,,,,,,
12-02-2020 00:00,13-02-2020 00:00,117.83,,,,,,
13-02-2020 00:00,14-02-2020 00:00,70.81,,,,,,
14-02-2020 00:00,15-02-2020 00:00,59.4,,,,,,
15-02-2020 00:00,16-02-2020 00:00,57.72,,,,,,
16-02-2020 00:00,17-02-2020 00:00,67.88,,,,,,
17-02-2020 00:00,18-02-2020 00:00,98.76,,,,,,
18-02-2020 00:00,19-02-2020 00:00,74.27,,,,,,
19-02-2020 00:00,20-02-2020 00:00,79.68,,,,,,
20-02-2020 00:00,21-02-2020 00:00,79.25,,,,,,
21-02-2020 00:00,22-02-2020 00:00,108.53,,,,,,
22-02-2020 00:00,23-02-2020 00:00,64.98,,,,,,
23-02-2020 00:00,24-02-2020 00:00,84.91,,,,,,
24-02-2020 00:00,25-02-2020 00:00,82.25,,,,,,
25-02-2020 00:00,26-02-2020 00:00,53.09,,,,,,
26-02-2020 00:00,27-02-2020 00:00,50.04,,,,,,
27-02-2020 00:00,28-02-2020 00:00,75.31,,,,,,
28-02-2020 00:00,29-02-2020 00:00,58.77,,,,,,
29-02-2020 00:00,01-03-2020 00:00,68.84,,,,,,
01-03-2020 00:00,02-03-2020 00:00,86.02,,,,,,
02-03-2020 00:00,03-03-2020 00:00,83.45,,,,,,
03-03-2020 00:00,04-03-2020 00:00,102.13,,,,,,
04-03-2020 00:00,05-03-2020 00:00,86.04,,,,,,
05-03-2020 00:00,06-03-2020 00:00,59.91,,,,,,
06-03-2020 00:00,07-03-2020 00:00,28.8,,,,,,
07-03-2020 00:00,08-03-2020 00:00,39.78,,,,,,
08-03-2020 00:00,09-03-2020 00:00,53.63,,,,,,
09-03-2020 00:00,10-03-2020 00:00,54.28,,,,,,
10-03-2020 00:00,11-03-2020 00:00,146.36,,,,,,
11-03-2020 00:00,12-03-2020 00:00,52.67,,,,,,
12-03-2020 00:00,13-03-2020 00:00,40.1,,,,,,
13-03-2020 00:00,14-03-2020 00:00,32.58,,,,,,
14-03-2020 00:00,15-03-2020 00:00,19.48,,,,,,
15-03-2020 00:00,16-03-2020 00:00,27.9,,,,,,
16-03-2020 00:00,17-03-2020 00:00,58.06,,,,,,
17-03-2020 00:00,18-03-2020 00:00,67.38,,,,,,
18-03-2020 00:00,19-03-2020 00:00,69.07,,,,,,
19-03-2020 00:00,20-03-2020 00:00,49.4,,,,,,
20-03-2020 00:00,21-03-2020 00:00,46.81,,,,,,
21-03-2020 00:00,22-03-2020 00:00,65.91,,,,,,
22-03-2020 00:00,23-03-2020 00:00,57.91,,,,,,
23-03-2020 00:00,24-03-2020 00:00,57.66,,,,,,
24-03-2020 00:00,25-03-2020 00:00,59.43,,,,,,
25-03-2020 00:00,26-03-2020 00:00,79.56,,,,,,
26-03-2020 00:00,27-03-2020 00:00,68.54,,,,,,
27-03-2020 00:00,28-03-2020 00:00,54.02,,,,,,
28-03-2020 00:00,29-03-2020 00:00,35.99,,,,,,
29-03-2020 00:00,30-03-2020 00:00,33.86,,,,,,
30-03-2020 00:00,31-03-2020 00:00,33.19,,,,,,
31-03-2020 00:00,01-04-2020 00:00,47.85,,,,,,
01-04-2020 00:00,02-04-2020 00:00,96.84,,,,,,
02-04-2020 00:00,03-04-2020 00:00,77.81,,,,,,
03-04-2020 00:00,04-04-2020 00:00,33.43,,,,,,
04-04-2020 00:00,05-04-2020 00:00,88.1,,,,,,
05-04-2020 00:00,06-04-2020 00:00,65.53,,,,,,
06-04-2020 00:00,07-04-2020 00:00,50.85,,,,,,
07-04-2020 00:00,08-04-2020 00:00,58.28,,,,,,
08-04-2020 00:00,09-04-2020 00:00,52.43,,,,,,
09-04-2020 00:00,10-04-2020 00:00,44.83,,,,,,
10-04-2020 00:00,11-04-2020 00:00,40.72,,,,,,
11-04-2020 00:00,12-04-2020 00:00,62.96,,,,,,
12-04-2020 00:00,13-04-2020 00:00,63.37,,,,,,
13-04-2020 00:00,14-04-2020 00:00,56.33,,,,,,
14-04-2020 00:00,15-04-2020 00:00,54.64,,,,,,
15-04-2020 00:00,16-04-2020 00:00,49.26,,,,,,
16-04-2020 00:00,17-04-2020 00:00,30.5,,,,,,
17-04-2020 00:00,18-04-2020 00:00,45.39,,,,,,
18-04-2020 00:00,19-04-2020 00:00,47.03,,,,,,
19-04-2020 00:00,20-04-2020 00:00,39.04,,,,,,
20-04-2020 00:00,21-04-2020 00:00,30.4,,,,,,
21-04-2020 00:00,22-04-2020 00:00,23.4,,,,,,
22-04-2020 00:00,23-04-2020 00:00,24.15,,,,,,
23-04-2020 00:00,24-04-2020 00:00,39.16,,,,,,
24-04-2020 00:00,25-04-2020 00:00,53.71,,,,,,
25-04-2020 00:00,26-04-2020 00:00,39.81,,,,,,
26-04-2020 00:00,27-04-2020 00:00,21.73,,,,,,
27-04-2020 00:00,28-04-2020 00:00,17.74,,,,,,
28-04-2020 00:00,29-04-2020 00:00,33.3,,,,,,
29-04-2020 00:00,30-04-2020 00:00,19.54,,,,,,
30-04-2020 00:00,01-05-2020 00:00,33.82,,,,,,
01-05-2020 00:00,02-05-2020 00:00,21.98,,,,,,
02-05-2020 00:00,03-05-2020 00:00,20.33,,,,,,
03-05-2020 00:00,04-05-2020 00:00,28.57,,,,,,
04-05-2020 00:00,05-05-2020 00:00,None,,,,,,
05-05-2020 00:00,06-05-2020 00:00,7,,,,,,
06-05-2020 00:00,07-05-2020 00:00,22.92,,,,,,
07-05-2020 00:00,08-05-2020 00:00,39.06,,,,,,
08-05-2020 00:00,09-05-2020 00:00,43.61,,,,,,
09-05-2020 00:00,10-05-2020 00:00,47.22,,,,,,
10-05-2020 00:00,11-05-2020 00:00,40.47,,,,,,
11-05-2020 00:00,12-05-2020 00:00,22.35,,,,,,
12-05-2020 00:00,13-05-2020 00:00,44.87,,,,,,
13-05-2020 00:00,14-05-2020 00:00,44.43,,,,,,
14-05-2020 00:00,15-05-2020 00:00,35.45,,,,,,
15-05-2020 00:00,16-05-2020 00:00,56.59,,,,,,
16-05-2020 00:00,17-05-2020 00:00,38.28,,,,,,
17-05-2020 00:00,18-05-2020 00:00,53.4,,,,,,
18-05-2020 00:00,19-05-2020 00:00,59.16,,,,,,
19-05-2020 00:00,20-05-2020 00:00,51.11,,,,,,
20-05-2020 00:00,21-05-2020 00:00,32.88,,,,,,
21-05-2020 00:00,22-05-2020 00:00,32.03,,,,,,
22-05-2020 00:00,23-05-2020 00:00,44.77,,,,,,
23-05-2020 00:00,24-05-2020 00:00,31.54,,,,,,
24-05-2020 00:00,25-05-2020 00:00,59.13,,,,,,
25-05-2020 00:00,26-05-2020 00:00,60.52,,,,,,
26-05-2020 00:00,27-05-2020 00:00,50.32,,,,,,
27-05-2020 00:00,28-05-2020 00:00,29.5,,,,,,
28-05-2020 00:00,29-05-2020 00:00,19.07,,,,,,
29-05-2020 00:00,30-05-2020 00:00,32.84,,,,,,
30-05-2020 00:00,31-05-2020 00:00,30.79,,,,,,
31-05-2020 00:00,01-06-2020 00:00,18.04,,,,,,
01-06-2020 00:00,02-06-2020 00:00,28.36,,,,,,
02-06-2020 00:00,03-06-2020 00:00,33.28,,,,,,
03-06-2020 00:00,04-06-2020 00:00,34.08,,,,,,
04-06-2020 00:00,05-06-2020 00:00,20.08,,,,,,
05-06-2020 00:00,06-06-2020 00:00,9.9,,,,,,
06-06-2020 00:00,07-06-2020 00:00,9.27,,,,,,
07-06-2020 00:00,08-06-2020 00:00,19.53,,,,,,
08-06-2020 00:00,09-06-2020 00:00,40.3,,,,,,
09-06-2020 00:00,10-06-2020 00:00,38.85,,,,,,
10-06-2020 00:00,11-06-2020 00:00,39.58,,,,,,
11-06-2020 00:00,12-06-2020 00:00,41.04,,,,,,
12-06-2020 00:00,13-06-2020 00:00,16.82,,,,,,
13-06-2020 00:00,14-06-2020 00:00,11.95,,,,,,
14-06-2020 00:00,15-06-2020 00:00,12.78,,,,,,
15-06-2020 00:00,16-06-2020 00:00,12.53,,,,,,
16-06-2020 00:00,17-06-2020 00:00,18.33,,,,,,
17-06-2020 00:00,18-06-2020 00:00,13.76,,,,,,
18-06-2020 00:00,19-06-2020 00:00,22.7,,,,,,
19-06-2020 00:00,20-06-2020 00:00,15.72,,,,,,
20-06-2020 00:00,21-06-2020 00:00,10.67,,,,,,
21-06-2020 00:00,22-06-2020 00:00,12.9,,,,,,
22-06-2020 00:00,23-06-2020 00:00,12.11,,,,,,
23-06-2020 00:00,24-06-2020 00:00,14.88,,,,,,
24-06-2020 00:00,25-06-2020 00:00,17.61,,,,,,
25-06-2020 00:00,26-06-2020 00:00,19.41,,,,,,
26-06-2020 00:00,27-06-2020 00:00,14.02,,,,,,
27-06-2020 00:00,28-06-2020 00:00,23.22,,,,,,
28-06-2020 00:00,29-06-2020 00:00,20.93,,,,,,
29-06-2020 00:00,30-06-2020 00:00,18.38,,,,,,
30-06-2020 00:00,01-07-2020 00:00,36.54,,,,,,
01-07-2020 00:00,02-07-2020 00:00,38.02,,,,,,
02-07-2020 00:00,03-07-2020 00:00,44.87,,,,,,
03-07-2020 00:00,04-07-2020 00:00,35.93,,,,,,
04-07-2020 00:00,05-07-2020 00:00,29.2,,,,,,
05-07-2020 00:00,06-07-2020 00:00,26.15,,,,,,
06-07-2020 00:00,07-07-2020 00:00,9.34,,,,,,
07-07-2020 00:00,08-07-2020 00:00,17.27,,,,,,
08-07-2020 00:00,09-07-2020 00:00,29.99,,,,,,
09-07-2020 00:00,10-07-2020 00:00,17.15,,,,,,
10-07-2020 00:00,11-07-2020 00:00,35.04,,,,,,
11-07-2020 00:00,12-07-2020 00:00,13.34,,,,,,
12-07-2020 00:00,13-07-2020 00:00,20.28,,,,,,
13-07-2020 00:00,14-07-2020 00:00,21.01,,,,,,
14-07-2020 00:00,15-07-2020 00:00,17.21,,,,,,
15-07-2020 00:00,16-07-2020 00:00,17.47,,,,,,
16-07-2020 00:00,17-07-2020 00:00,18.28,,,,,,
17-07-2020 00:00,18-07-2020 00:00,20.96,,,,,,
18-07-2020 00:00,19-07-2020 00:00,25.68,,,,,,
19-07-2020 00:00,20-07-2020 00:00,18.18,,,,,,
20-07-2020 00:00,21-07-2020 00:00,13.83,,,,,,
21-07-2020 00:00,22-07-2020 00:00,9.36,,,,,,
22-07-2020 00:00,23-07-2020 00:00,23.09,,,,,,
23-07-2020 00:00,24-07-2020 00:00,19.74,,,,,,
24-07-2020 00:00,25-07-2020 00:00,20.91,,,,,,
25-07-2020 00:00,26-07-2020 00:00,26.44,,,,,,
26-07-2020 00:00,27-07-2020 00:00,28.33,,,,,,
27-07-2020 00:00,28-07-2020 00:00,33.44,,,,,,
28-07-2020 00:00,29-07-2020 00:00,16.16,,,,,,
29-07-2020 00:00,30-07-2020 00:00,17.09,,,,,,
30-07-2020 00:00,31-07-2020 00:00,16.52,,,,,,
31-07-2020 00:00,01-08-2020 00:00,30.41,,,,,,
01-08-2020 00:00,02-08-2020 00:00,32.07,,,,,,
02-08-2020 00:00,03-08-2020 00:00,35.93,,,,,,
03-08-2020 00:00,04-08-2020 00:00,33.11,,,,,,
04-08-2020 00:00,05-08-2020 00:00,30.98,,,,,,
05-08-2020 00:00,06-08-2020 00:00,6.28,,,,,,
06-08-2020 00:00,07-08-2020 00:00,7.42,,,,,,
07-08-2020 00:00,08-08-2020 00:00,17.24,,,,,,
08-08-2020 00:00,09-08-2020 00:00,23.21,,,,,,
09-08-2020 00:00,10-08-2020 00:00,17.11,,,,,,
10-08-2020 00:00,11-08-2020 00:00,23.57,,,,,,
11-08-2020 00:00,12-08-2020 00:00,28.37,,,,,,
12-08-2020 00:00,13-08-2020 00:00,10.19,,,,,,
13-08-2020 00:00,14-08-2020 00:00,12.93,,,,,,
14-08-2020 00:00,15-08-2020 00:00,11.74,,,,,,
15-08-2020 00:00,16-08-2020 00:00,None,,,,,,
16-08-2020 00:00,17-08-2020 00:00,None,,,,,,
17-08-2020 00:00,18-08-2020 00:00,10.11,,,,,,
18-08-2020 00:00,19-08-2020 00:00,22.59,,,,,,
19-08-2020 00:00,20-08-2020 00:00,25.83,,,,,,
20-08-2020 00:00,21-08-2020 00:00,12.9,,,,,,
21-08-2020 00:00,22-08-2020 00:00,6.37,,,,,,
22-08-2020 00:00,23-08-2020 00:00,11.07,,,,,,
23-08-2020 00:00,24-08-2020 00:00,16.22,,,,,,
24-08-2020 00:00,25-08-2020 00:00,13.87,,,,,,
25-08-2020 00:00,26-08-2020 00:00,23.96,,,,,,
26-08-2020 00:00,27-08-2020 00:00,24.57,,,,,,
27-08-2020 00:00,28-08-2020 00:00,9.5,,,,,,
28-08-2020 00:00,29-08-2020 00:00,6.77,,,,,,
29-08-2020 00:00,30-08-2020 00:00,11.81,,,,,,
30-08-2020 00:00,31-08-2020 00:00,24.08,,,,,,
31-08-2020 00:00,01-09-2020 00:00,36.01,,,,,,
01-09-2020 00:00,02-09-2020 00:00,24.04,,,,,,
02-09-2020 00:00,03-09-2020 00:00,13.53,,,,,,
03-09-2020 00:00,04-09-2020 00:00,24.48,,,,,,
04-09-2020 00:00,05-09-2020 00:00,41.47,,,,,,
05-09-2020 00:00,06-09-2020 00:00,39.46,,,,,,
06-09-2020 00:00,07-09-2020 00:00,27.78,,,,,,
07-09-2020 00:00,08-09-2020 00:00,29.68,,,,,,
08-09-2020 00:00,09-09-2020 00:00,33.87,,,,,,
09-09-2020 00:00,10-09-2020 00:00,34.3,,,,,,
10-09-2020 00:00,11-09-2020 00:00,31.6,,,,,,
11-09-2020 00:00,12-09-2020 00:00,22,,,,,,
12-09-2020 00:00,13-09-2020 00:00,38.57,,,,,,
13-09-2020 00:00,14-09-2020 00:00,52.15,,,,,,
14-09-2020 00:00,15-09-2020 00:00,55.11,,,,,,
15-09-2020 00:00,16-09-2020 00:00,50.53,,,,,,
16-09-2020 00:00,17-09-2020 00:00,45.89,,,,,,
17-09-2020 00:00,18-09-2020 00:00,61.92,,,,,,
18-09-2020 00:00,19-09-2020 00:00,47.2,,,,,,
19-09-2020 00:00,20-09-2020 00:00,37.15,,,,,,
20-09-2020 00:00,21-09-2020 00:00,34.29,,,,,,
21-09-2020 00:00,22-09-2020 00:00,22.66,,,,,,
22-09-2020 00:00,23-09-2020 00:00,6.67,,,,,,
23-09-2020 00:00,24-09-2020 00:00,16.92,,,,,,
24-09-2020 00:00,25-09-2020 00:00,11.87,,,,,,
25-09-2020 00:00,26-09-2020 00:00,16.9,,,,,,
26-09-2020 00:00,27-09-2020 00:00,40.88,,,,,,
27-09-2020 00:00,28-09-2020 00:00,39.73,,,,,,
28-09-2020 00:00,29-09-2020 00:00,52.44,,,,,,
29-09-2020 00:00,30-09-2020 00:00,77.68,,,,,,
30-09-2020 00:00,01-10-2020 00:00,71.47,,,,,,
01-10-2020 00:00,02-10-2020 00:00,70.98,,,,,,
02-10-2020 00:00,03-10-2020 00:00,64.83,,,,,,
03-10-2020 00:00,04-10-2020 00:00,50.54,,,,,,
04-10-2020 00:00,05-10-2020 00:00,20.98,,,,,,
05-10-2020 00:00,06-10-2020 00:00,26.68,,,,,,
06-10-2020 00:00,07-10-2020 00:00,32.2,,,,,,
07-10-2020 00:00,08-10-2020 00:00,43.2,,,,,,
08-10-2020 00:00,09-10-2020 00:00,52.38,,,,,,
09-10-2020 00:00,10-10-2020 00:00,49.59,,,,,,
10-10-2020 00:00,11-10-2020 00:00,59.26,,,,,,
11-10-2020 00:00,12-10-2020 00:00,68.46,,,,,,
12-10-2020 00:00,13-10-2020 00:00,61.9,,,,,,
13-10-2020 00:00,14-10-2020 00:00,58.87,,,,,,
14-10-2020 00:00,15-10-2020 00:00,53.3,,,,,,
15-10-2020 00:00,16-10-2020 00:00,53.05,,,,,,
16-10-2020 00:00,17-10-2020 00:00,68.34,,,,,,
17-10-2020 00:00,18-10-2020 00:00,75,,,,,,
18-10-2020 00:00,19-10-2020 00:00,104.21,,,,,,
19-10-2020 00:00,20-10-2020 00:00,120.09,,,,,,
20-10-2020 00:00,21-10-2020 00:00,104.01,,,,,,
21-10-2020 00:00,22-10-2020 00:00,98.95,,,,,,
22-10-2020 00:00,23-10-2020 00:00,91.58,,,,,,
23-10-2020 00:00,24-10-2020 00:00,72.32,,,,,,
24-10-2020 00:00,25-10-2020 00:00,84.62,,,,,,
25-10-2020 00:00,26-10-2020 00:00,101.21,,,,,,
26-10-2020 00:00,27-10-2020 00:00,90.29,,,,,,
27-10-2020 00:00,28-10-2020 00:00,98.25,,,,,,
28-10-2020 00:00,29-10-2020 00:00,111.93,,,,,,
29-10-2020 00:00,30-10-2020 00:00,106.19,,,,,,
30-10-2020 00:00,31-10-2020 00:00,95.23,,,,,,
31-10-2020 00:00,01-11-2020 00:00,99.04,,,,,,
01-11-2020 00:00,02-11-2020 00:00,119.67,,,,,,
02-11-2020 00:00,03-11-2020 00:00,129.7,,,,,,
03-11-2020 00:00,04-11-2020 00:00,86.61,,,,,,
04-11-2020 00:00,05-11-2020 00:00,94.62,,,,,,
05-11-2020 00:00,06-11-2020 00:00,112.71,,,,,,
06-11-2020 00:00,07-11-2020 00:00,148.39,,,,,,
07-11-2020 00:00,08-11-2020 00:00,126.11,,,,,,
08-11-2020 00:00,09-11-2020 00:00,164.01,,,,,,
09-11-2020 00:00,10-11-2020 00:00,161.52,,,,,,
10-11-2020 00:00,11-11-2020 00:00,107.71,,,,,,
11-11-2020 00:00,12-11-2020 00:00,59.87,,,,,,
12-11-2020 00:00,13-11-2020 00:00,87.56,,,,,,
13-11-2020 00:00,14-11-2020 00:00,107.9,,,,,,
14-11-2020 00:00,15-11-2020 00:00,146.74,,,,,,
15-11-2020 00:00,16-11-2020 00:00,133.34,,,,,,
16-11-2020 00:00,17-11-2020 00:00,74.02,,,,,,
17-11-2020 00:00,18-11-2020 00:00,81.91,,,,,,
18-11-2020 00:00,19-11-2020 00:00,96.91,,,,,,
19-11-2020 00:00,20-11-2020 00:00,76.28,,,,,,
20-11-2020 00:00,21-11-2020 00:00,67.16,,,,,,
21-11-2020 00:00,22-11-2020 00:00,89.58,,,,,,
22-11-2020 00:00,23-11-2020 00:00,85.6,,,,,,
23-11-2020 00:00,24-11-2020 00:00,108.73,,,,,,
24-11-2020 00:00,25-11-2020 00:00,143.84,,,,,,
25-11-2020 00:00,26-11-2020 00:00,138.92,,,,,,
26-11-2020 00:00,27-11-2020 00:00,141.17,,,,,,
27-11-2020 00:00,28-11-2020 00:00,192.28,,,,,,
28-11-2020 00:00,29-11-2020 00:00,125.33,,,,,,
29-11-2020 00:00,30-11-2020 00:00,112.62,,,,,,
30-11-2020 00:00,01-12-2020 00:00,130.1,,,,,,
01-12-2020 00:00,02-12-2020 00:00,116.36,,,,,,
02-12-2020 00:00,03-12-2020 00:00,160.11,,,,,,
03-12-2020 00:00,04-12-2020 00:00,180.29,,,,,,
04-12-2020 00:00,05-12-2020 00:00,190.88,,,,,,
05-12-2020 00:00,06-12-2020 00:00,184.43,,,,,,
06-12-2020 00:00,07-12-2020 00:00,155.57,,,,,,
07-12-2020 00:00,08-12-2020 00:00,135.62,,,,,,
08-12-2020 00:00,09-12-2020 00:00,197.63,,,,,,
09-12-2020 00:00,10-12-2020 00:00,154.01,,,,,,
10-12-2020 00:00,11-12-2020 00:00,143.98,,,,,,
11-12-2020 00:00,12-12-2020 00:00,141.18,,,,,,
12-12-2020 00:00,13-12-2020 00:00,164.24,,,,,,
13-12-2020 00:00,14-12-2020 00:00,98.88,,,,,,
14-12-2020 00:00,15-12-2020 00:00,75.32,,,,,,
15-12-2020 00:00,16-12-2020 00:00,139.85,,,,,,
16-12-2020 00:00,17-12-2020 00:00,101.13,,,,,,
17-12-2020 00:00,18-12-2020 00:00,85.85,,,,,,
18-12-2020 00:00,19-12-2020 00:00,104.41,,,,,,
19-12-2020 00:00,20-12-2020 00:00,122.56,,,,,,
20-12-2020 00:00,21-12-2020 00:00,238.69,,,,,,
21-12-2020 00:00,22-12-2020 00:00,206.61,,,,,,
22-12-2020 00:00,23-12-2020 00:00,191.53,,,,,,
23-12-2020 00:00,24-12-2020 00:00,211.14,,,,,,
24-12-2020 00:00,25-12-2020 00:00,230.94,,,,,,
25-12-2020 00:00,26-12-2020 00:00,182.04,,,,,,
26-12-2020 00:00,27-12-2020 00:00,143.05,,,,,,
27-12-2020 00:00,28-12-2020 00:00,181.47,,,,,,
28-12-2020 00:00,29-12-2020 00:00,184.2,,,,,,
29-12-2020 00:00,30-12-2020 00:00,151.51,,,,,,
30-12-2020 00:00,31-12-2020 00:00,85.59,,,,,,
31-12-2020 00:00,01-01-2021 00:00,103,,,,,,
01-01-2021 00:00,02-01-2021 00:00,None,,,,,,
02-01-2021 00:00,03-01-2021 00:00,None,,,,,,
03-01-2021 00:00,04-01-2021 00:00,None,,,,,,
04-01-2021 00:00,05-01-2021 00:00,126.47,,,,,,
05-01-2021 00:00,06-01-2021 00:00,177.96,,,,,,
06-01-2021 00:00,07-01-2021 00:00,167.64,,,,,,
07-01-2021 00:00,08-01-2021 00:00,103.16,,,,,,
08-01-2021 00:00,09-01-2021 00:00,87.02,,,,,,
09-01-2021 00:00,10-01-2021 00:00,82.02,,,,,,
10-01-2021 00:00,11-01-2021 00:00,67.29,,,,,,
11-01-2021 00:00,12-01-2021 00:00,67.33,,,,,,
12-01-2021 00:00,13-01-2021 00:00,93.01,,,,,,
13-01-2021 00:00,14-01-2021 00:00,94.23,,,,,,
14-01-2021 00:00,15-01-2021 00:00,124.81,,,,,,
15-01-2021 00:00,16-01-2021 00:00,99.55,,,,,,
16-01-2021 00:00,17-01-2021 00:00,98.23,,,,,,
17-01-2021 00:00,18-01-2021 00:00,87.15,,,,,,
18-01-2021 00:00,19-01-2021 00:00,111.95,,,,,,
19-01-2021 00:00,20-01-2021 00:00,196.06,,,,,,
20-01-2021 00:00,21-01-2021 00:00,210.28,,,,,,
21-01-2021 00:00,22-01-2021 00:00,142.81,,,,,,
22-01-2021 00:00,23-01-2021 00:00,152.82,,,,,,
23-01-2021 00:00,24-01-2021 00:00,135.58,,,,,,
24-01-2021 00:00,25-01-2021 00:00,158.96,,,,,,
25-01-2021 00:00,26-01-2021 00:00,131.48,,,,,,
26-01-2021 00:00,27-01-2021 00:00,110.05,,,,,,
27-01-2021 00:00,28-01-2021 00:00,152.34,,,,,,
28-01-2021 00:00,29-01-2021 00:00,203.32,,,,,,
29-01-2021 00:00,30-01-2021 00:00,131.05,,,,,,
30-01-2021 00:00,31-01-2021 00:00,112.8,,,,,,
31-01-2021 00:00,01-02-2021 00:00,124.57,,,,,,
01-02-2021 00:00,02-02-2021 00:00,179.14,,,,,,
02-02-2021 00:00,03-02-2021 00:00,148.18,,,,,,
03-02-2021 00:00,04-02-2021 00:00,151.69,,,,,,
04-02-2021 00:00,05-02-2021 00:00,132.93,,,,,,
05-02-2021 00:00,06-02-2021 00:00,84.85,,,,,,
06-02-2021 00:00,07-02-2021 00:00,65.33,,,,,,
07-02-2021 00:00,08-02-2021 00:00,77.38,,,,,,
08-02-2021 00:00,09-02-2021 00:00,94.19,,,,,,
09-02-2021 00:00,10-02-2021 00:00,110.71,,,,,,
10-02-2021 00:00,11-02-2021 00:00,138.82,,,,,,
11-02-2021 00:00,12-02-2021 00:00,146.22,,,,,,
12-02-2021 00:00,13-02-2021 00:00,135.86,,,,,,
13-02-2021 00:00,14-02-2021 00:00,142.1,,,,,,
14-02-2021 00:00,15-02-2021 00:00,125.51,,,,,,
15-02-2021 00:00,16-02-2021 00:00,121.81,,,,,,
16-02-2021 00:00,17-02-2021 00:00,120.28,,,,,,
17-02-2021 00:00,18-02-2021 00:00,76.66,,,,,,
18-02-2021 00:00,19-02-2021 00:00,69.58,,,,,,
19-02-2021 00:00,20-02-2021 00:00,78.4,,,,,,
20-02-2021 00:00,21-02-2021 00:00,121.6,,,,,,
21-02-2021 00:00,22-02-2021 00:00,105.35,,,,,,
22-02-2021 00:00,23-02-2021 00:00,98.34,,,,,,
23-02-2021 00:00,24-02-2021 00:00,97.85,,,,,,
24-02-2021 00:00,25-02-2021 00:00,78.39,,,,,,
25-02-2021 00:00,26-02-2021 00:00,69.4,,,,,,
26-02-2021 00:00,27-02-2021 00:00,71.42,,,,,,
27-02-2021 00:00,28-02-2021 00:00,64.57,,,,,,
28-02-2021 00:00,01-03-2021 00:00,87.78,,,,,,
01-03-2021 00:00,02-03-2021 00:00,104.29,,,,,,
02-03-2021 00:00,03-03-2021 00:00,63.61,,,,,,
03-03-2021 00:00,04-03-2021 00:00,80.91,,,,,,
04-03-2021 00:00,05-03-2021 00:00,92.23,,,,,,
05-03-2021 00:00,06-03-2021 00:00,95.09,,,,,,
06-03-2021 00:00,07-03-2021 00:00,91.4,,,,,,
07-03-2021 00:00,08-03-2021 00:00,103.93,,,,,,
08-03-2021 00:00,09-03-2021 00:00,107.23,,,,,,
09-03-2021 00:00,10-03-2021 00:00,127.08,,,,,,
10-03-2021 00:00,11-03-2021 00:00,139.34,,,,,,
11-03-2021 00:00,12-03-2021 00:00,123.24,,,,,,
12-03-2021 00:00,13-03-2021 00:00,88.89,,,,,,
13-03-2021 00:00,14-03-2021 00:00,53.22,,,,,,
14-03-2021 00:00,15-03-2021 00:00,81.86,,,,,,
15-03-2021 00:00,16-03-2021 00:00,106.1,,,,,,
16-03-2021 00:00,17-03-2021 00:00,126.01,,,,,,
17-03-2021 00:00,18-03-2021 00:00,116.57,,,,,,
18-03-2021 00:00,19-03-2021 00:00,103.77,,,,,,
19-03-2021 00:00,20-03-2021 00:00,121.25,,,,,,
20-03-2021 00:00,21-03-2021 00:00,74.23,,,,,,
21-03-2021 00:00,22-03-2021 00:00,88.71,,,,,,
22-03-2021 00:00,23-03-2021 00:00,80.57,,,,,,
23-03-2021 00:00,24-03-2021 00:00,94.5,,,,,,
24-03-2021 00:00,25-03-2021 00:00,53.05,,,,,,
25-03-2021 00:00,26-03-2021 00:00,56.64,,,,,,
26-03-2021 00:00,27-03-2021 00:00,50.2,,,,,,
27-03-2021 00:00,28-03-2021 00:00,52.9,,,,,,
28-03-2021 00:00,29-03-2021 00:00,76.54,,,,,,
29-03-2021 00:00,30-03-2021 00:00,178.73,,,,,,
30-03-2021 00:00,31-03-2021 00:00,55.87,,,,,,
31-03-2021 00:00,01-04-2021 00:00,39.68,,,,,,
01-04-2021 00:00,02-04-2021 00:00,52.02,,,,,,
02-04-2021 00:00,03-04-2021 00:00,68.35,,,,,,
03-04-2021 00:00,04-04-2021 00:00,68.54,,,,,,
04-04-2021 00:00,05-04-2021 00:00,55.58,,,,,,
05-04-2021 00:00,06-04-2021 00:00,68.1,,,,,,
06-04-2021 00:00,07-04-2021 00:00,70.22,,,,,,
07-04-2021 00:00,08-04-2021 00:00,63.24,,,,,,
08-04-2021 00:00,09-04-2021 00:00,70.84,,,,,,
09-04-2021 00:00,10-04-2021 00:00,63.85,,,,,,
10-04-2021 00:00,11-04-2021 00:00,71.14,,,,,,
11-04-2021 00:00,12-04-2021 00:00,81.94,,,,,,
12-04-2021 00:00,13-04-2021 00:00,54.41,,,,,,
13-04-2021 00:00,14-04-2021 00:00,70.54,,,,,,
14-04-2021 00:00,15-04-2021 00:00,62.5,,,,,,
15-04-2021 00:00,16-04-2021 00:00,65.84,,,,,,
16-04-2021 00:00,17-04-2021 00:00,67.07,,,,,,
17-04-2021 00:00,18-04-2021 00:00,88.07,,,,,,
18-04-2021 00:00,19-04-2021 00:00,32.52,,,,,,
19-04-2021 00:00,20-04-2021 00:00,36.44,,,,,,
20-04-2021 00:00,21-04-2021 00:00,61.03,,,,,,
21-04-2021 00:00,22-04-2021 00:00,83.07,,,,,,
22-04-2021 00:00,23-04-2021 00:00,56.23,,,,,,
23-04-2021 00:00,24-04-2021 00:00,94.45,,,,,,
24-04-2021 00:00,25-04-2021 00:00,116.09,,,,,,
25-04-2021 00:00,26-04-2021 00:00,49.85,,,,,,
26-04-2021 00:00,27-04-2021 00:00,57.93,,,,,,
27-04-2021 00:00,28-04-2021 00:00,118.96,,,,,,
28-04-2021 00:00,29-04-2021 00:00,126.46,,,,,,
29-04-2021 00:00,30-04-2021 00:00,92.88,,,,,,
30-04-2021 00:00,01-05-2021 00:00,46.39,,,,,,
01-05-2021 00:00,02-05-2021 00:00,67.89,,,,,,
02-05-2021 00:00,03-05-2021 00:00,57.45,,,,,,
03-05-2021 00:00,04-05-2021 00:00,51.52,,,,,,
04-05-2021 00:00,05-05-2021 00:00,49.35,,,,,,
05-05-2021 00:00,06-05-2021 00:00,35.79,,,,,,
06-05-2021 00:00,07-05-2021 00:00,35.88,,,,,,
07-05-2021 00:00,08-05-2021 00:00,33.77,,,,,,
08-05-2021 00:00,09-05-2021 00:00,44.75,,,,,,
09-05-2021 00:00,10-05-2021 00:00,32.24,,,,,,
10-05-2021 00:00,11-05-2021 00:00,35.95,,,,,,
11-05-2021 00:00,12-05-2021 00:00,36.52,,,,,,
12-05-2021 00:00,13-05-2021 00:00,38.35,,,,,,
13-05-2021 00:00,14-05-2021 00:00,27.82,,,,,,
14-05-2021 00:00,15-05-2021 00:00,63.59,,,,,,
15-05-2021 00:00,16-05-2021 00:00,81.25,,,,,,
16-05-2021 00:00,17-05-2021 00:00,82.08,,,,,,
17-05-2021 00:00,18-05-2021 00:00,57.91,,,,,,
18-05-2021 00:00,19-05-2021 00:00,52.96,,,,,,
19-05-2021 00:00,20-05-2021 00:00,26.23,,,,,,
20-05-2021 00:00,21-05-2021 00:00,14.22,,,,,,
21-05-2021 00:00,22-05-2021 00:00,31.12,,,,,,
22-05-2021 00:00,23-05-2021 00:00,61.27,,,,,,
23-05-2021 00:00,24-05-2021 00:00,57.32,,,,,,
24-05-2021 00:00,25-05-2021 00:00,66.83,,,,,,
25-05-2021 00:00,26-05-2021 00:00,43.69,,,,,,
26-05-2021 00:00,27-05-2021 00:00,14.83,,,,,,
27-05-2021 00:00,28-05-2021 00:00,11.74,,,,,,
28-05-2021 00:00,29-05-2021 00:00,6.81,,,,,,
29-05-2021 00:00,30-05-2021 00:00,11.57,,,,,,
30-05-2021 00:00,31-05-2021 00:00,37.46,,,,,,
31-05-2021 00:00,01-06-2021 00:00,53.93,,,,,,
01-06-2021 00:00,02-06-2021 00:00,41.3,,,,,,
02-06-2021 00:00,03-06-2021 00:00,35.15,,,,,,
03-06-2021 00:00,04-06-2021 00:00,51.56,,,,,,
04-06-2021 00:00,05-06-2021 00:00,49,,,,,,
05-06-2021 00:00,06-06-2021 00:00,42.46,,,,,,
06-06-2021 00:00,07-06-2021 00:00,42.85,,,,,,
07-06-2021 00:00,08-06-2021 00:00,45.29,,,,,,
08-06-2021 00:00,09-06-2021 00:00,44.15,,,,,,
09-06-2021 00:00,10-06-2021 00:00,38.5,,,,,,
10-06-2021 00:00,11-06-2021 00:00,44.59,,,,,,
11-06-2021 00:00,12-06-2021 00:00,39.84,,,,,,
12-06-2021 00:00,13-06-2021 00:00,11.93,,,,,,
13-06-2021 00:00,14-06-2021 00:00,13.91,,,,,,
14-06-2021 00:00,15-06-2021 00:00,14.33,,,,,,
15-06-2021 00:00,16-06-2021 00:00,15.26,,,,,,
16-06-2021 00:00,17-06-2021 00:00,16.9,,,,,,
17-06-2021 00:00,18-06-2021 00:00,11.41,,,,,,
18-06-2021 00:00,19-06-2021 00:00,9.91,,,,,,
19-06-2021 00:00,20-06-2021 00:00,9.57,,,,,,
20-06-2021 00:00,21-06-2021 00:00,18.76,,,,,,
21-06-2021 00:00,22-06-2021 00:00,22.98,,,,,,
22-06-2021 00:00,23-06-2021 00:00,26.55,,,,,,
23-06-2021 00:00,24-06-2021 00:00,27.88,,,,,,
24-06-2021 00:00,25-06-2021 00:00,21.93,,,,,,
25-06-2021 00:00,26-06-2021 00:00,20.63,,,,,,
26-06-2021 00:00,27-06-2021 00:00,19.76,,,,,,
27-06-2021 00:00,28-06-2021 00:00,20.71,,,,,,
28-06-2021 00:00,29-06-2021 00:00,48.7,,,,,,
29-06-2021 00:00,30-06-2021 00:00,51.01,,,,,,
30-06-2021 00:00,01-07-2021 00:00,30.22,,,,,,
01-07-2021 00:00,02-07-2021 00:00,23.66,,,,,,
02-07-2021 00:00,03-07-2021 00:00,32.07,,,,,,
03-07-2021 00:00,04-07-2021 00:00,28.7,,,,,,
04-07-2021 00:00,05-07-2021 00:00,27.7,,,,,,
05-07-2021 00:00,06-07-2021 00:00,29.19,,,,,,
06-07-2021 00:00,07-07-2021 00:00,25.97,,,,,,
07-07-2021 00:00,08-07-2021 00:00,34.9,,,,,,
08-07-2021 00:00,09-07-2021 00:00,32.11,,,,,,
09-07-2021 00:00,10-07-2021 00:00,19.33,,,,,,
10-07-2021 00:00,11-07-2021 00:00,41.31,,,,,,
11-07-2021 00:00,12-07-2021 00:00,31.78,,,,,,
12-07-2021 00:00,13-07-2021 00:00,18.39,,,,,,
13-07-2021 00:00,14-07-2021 00:00,14.01,,,,,,
14-07-2021 00:00,15-07-2021 00:00,17.29,,,,,,
15-07-2021 00:00,16-07-2021 00:00,11.61,,,,,,
16-07-2021 00:00,17-07-2021 00:00,26.82,,,,,,
17-07-2021 00:00,18-07-2021 00:00,26.34,,,,,,
18-07-2021 00:00,19-07-2021 00:00,13.32,,,,,,
19-07-2021 00:00,20-07-2021 00:00,22.25,,,,,,
20-07-2021 00:00,21-07-2021 00:00,15.6,,,,,,
21-07-2021 00:00,22-07-2021 00:00,16.38,,,,,,
22-07-2021 00:00,23-07-2021 00:00,28.88,,,,,,
23-07-2021 00:00,24-07-2021 00:00,18.8,,,,,,
24-07-2021 00:00,25-07-2021 00:00,8.82,,,,,,
25-07-2021 00:00,26-07-2021 00:00,20.51,,,,,,
26-07-2021 00:00,27-07-2021 00:00,13.52,,,,,,
27-07-2021 00:00,28-07-2021 00:00,12.66,,,,,,
28-07-2021 00:00,29-07-2021 00:00,11.38,,,,,,
29-07-2021 00:00,30-07-2021 00:00,10.91,,,,,,
30-07-2021 00:00,31-07-2021 00:00,12.62,,,,,,
31-07-2021 00:00,31-07-2021 23:59,8.01,,,,,,
